,Date,Latitude,Longitude,count_1,count_2,count_3,count_total
0,9/1/2010,19.9432,-64.5649,58102.96,21259.89,2226.17,81589.02
1,9/1/2010,20.2173,-64.3828,6639.79,4031.3,1067.11,11738.2
2,9/1/2010,20.4521,-64.1968,15246.71,12147.79,991.66,28386.16
3,10/1/2010,21.1293,-63.8333,5347.35,6851.29,1420.39,13619.029999999999
4,10/1/2010,21.473,-63.5899,4090.58,5317.76,409.06,9817.4
5,10/1/2010,21.7367,-63.4227,44914.59,46144.76,33133.71,124193.06
6,11/1/2010,22.15,-63.1474,17324.82,4519.52,502.17,22346.51
7,11/1/2010,22.8418,-62.7592,10467.48,10329.75,413.19,21210.42
8,12/1/2010,24.3576,-62.8129,7434.53,9436.14,190.63,17061.3
9,12/1/2010,24.3576,-62.8129,0.0,1510.37,704.84,2215.21
10,13/01/2010,24.7657,-62.7221,377.59,1636.23,377.59,2391.41
11,13/01/2010,25.3751,-62.4785,3126.56,2918.12,416.87,6461.55
12,13/01/2010,25.5607,-62.4387,428395.48,132757.97,119370.62,680524.07
13,14/01/2010,26.0914,-61.7168,0.0,2111.27,351.88,2463.15
14,15/01/2010,29.249,-62.9857,4682.38,14983.63,1560.79,21226.8
15,15/01/2010,29.7453,-63.2167,3020.74,35544.01,3725.58,42290.33
16,16/01/2010,30.5477,-63.7064,31985.11,157152.3,4991.9,194129.30999999997
17,17/01/2010,31.1813,-64.0147,1173.82,10137.53,1814.08,13125.43
18,17/01/2010,31.535,-64.2677,9953.75,31224.77,2590.7,43769.22
19,18/01/2010,31.9644,-64.5448,4082.42,24984.39,2776.04,31842.85
20,28/01/2010,32.32,-64.4322,6826.0,37944.54,4818.35,49588.89
21,28/01/2010,32.079,-64.6316,0.0,52359.45,3272.47,55631.92
22,29/01/2010,31.5865,-62.7727,2757.7,29685.78,811.09,33254.57
23,29/01/2010,31.2001,-62.0368,0.0,14085.83,2134.22,16220.05
24,30/01/2010,30.8735,-61.3126,5454.11,85973.98,7032.93,98461.01999999999
25,31/01/2010,30.073,-58.7081,3346.84,40533.95,5454.11,49334.899999999994
26,31/01/2010,30.073,-58.7081,619.79,2107.27,371.87,3098.93
27,1/2/2010,29.6835,-56.6993,434.88,4566.23,543.6,5544.71
28,2/2/2010,29.5392,-54.9628,2727.05,64494.84,2999.76,70221.65
29,2/2/2010,29.2797,-53.6117,31002.3,36799.48,1638.33,69440.11
30,3/2/2010,28.907,-51.8931,2680.58,27452.85,1756.24,31889.670000000002
31,3/2/2010,28.7729,-51.0777,43126.42,99927.07,4558.08,147611.56999999998
32,3/2/2010,28.5522,-50.1026,1431.7,26997.84,1636.23,30065.77
33,9/2/2010,35.6729,-35.0237,3151.26,8241.76,0.0,11393.02
34,9/2/2010,36.2937,-33.3888,1163.54,19198.46,3781.52,24143.52
35,28/08/2010,-23.4996,-39.2757,13612.36,9487.4,2681.22,25780.980000000003
36,29/08/2010,-23.729,-37.4867,2142.69,3116.63,0.0,5259.32
37,29/08/2010,-23.8868,-36.6933,1080.87,6330.82,154.41,7566.099999999999
38,30/08/2010,-24.1104,-33.9573,17251.58,21520.02,1244.96,40016.560000000005
39,31/08/2010,-23.0308,-30.8532,8264.64,16028.4,0.0,24293.04
40,1/9/2010,-22.297,-29.2472,1051.23,2803.27,1051.23,4905.73
41,2/9/2010,-20.8268,-28.2509,1313.45,2189.08,0.0,3502.5299999999997
42,2/9/2010,-19.7983,-27.3385,1868.85,4360.64,0.0,6229.49
43,3/9/2010,-18.615,-26.1638,194.67,584.01,0.0,778.68
44,3/9/2010,-17.887,-25.086,1816.8,0.0,0.0,1816.8
45,4/9/2010,-16.9837,-23.7325,1968.85,3281.42,0.0,5250.27
46,4/9/2010,-16.2435,-22.5333,1006.3,503.15,335.43,1844.8799999999999
47,5/9/2010,-13.9923,-20.739,0.0,4488.9,320.64,4809.54
48,10/11/2010,-26.4261,-41.0363,0.0,1973.57,845.81,2819.38
49,11/11/2010,-26.3881,-39.9167,363.39,5087.42,1453.55,6904.360000000001
50,11/11/2010,-26.1893,-38.7646,503.15,2515.76,503.15,3522.0600000000004
51,12/11/2010,-26.131,-37.5873,0.0,4862.5,540.28,5402.78
52,12/11/2010,-25.9968,-36.4999,3400.01,8985.73,485.72,12871.46
53,13/11/2010,-25.8957,-35.3693,1962.29,3270.48,654.1,5886.870000000001
54,13/11/2010,-25.801,-34.2127,0.0,14090.91,0.0,14090.91
55,14/11/2010,-25.9165,-35.0814,1206.33,6433.74,4423.19,12063.259999999998
56,14/11/2010,-26.0782,-31.973,0.0,8328.91,0.0,8328.91
57,16/11/2010,-26.3129,-31.0914,1022.03,7767.4,817.62,9607.050000000001
58,17/11/2010,-26.4893,-30.029,2289.34,9320.88,654.1,12264.32
59,18/11/2010,-26.7957,-29.097,473.98,1895.93,0.0,2369.91
60,18/11/2010,-26.6971,-28.091,137.42,2336.06,549.66,3023.14
61,19/11/2010,-27.3323,-26.8913,893.57,3797.69,446.79,5138.05
62,19/11/2010,-27.8835,-25.8982,1514.11,3677.13,216.3,5407.54
63,20/11/2010,-28.5773,-24.9763,268.07,3216.87,804.22,4289.16
64,21/11/2010,-29.5155,-24.6103,545.08,2725.4,0.0,3270.48
65,23/11/2010,-29.9658,-23.4819,1054.99,7121.21,527.5,8703.7
66,23/11/2010,-30.6643,-22.6652,0.0,2725.4,817.62,3543.02
67,24/11/2010,-31.2527,-21.7331,3270.48,11298.03,1189.27,15757.78
68,24/11/2010,-31.8705,-20.748,837.73,1809.49,368.6,3015.82
69,24/11/2010,-32.5913,-19.948,4769.45,37474.29,4769.45,47013.189999999995
70,25/11/2010,-33.4867,-19.0997,8687.22,38325.98,4088.1,51101.3
71,25/11/2010,-34.0419,-18.1859,817.62,45377.96,817.62,47013.200000000004
72,26/11/2010,-34.6048,-17.1887,116236.4,146897.18,17847.32,280980.89999999997
73,26/11/2010,-34.333,-15.9772,11290.95,71249.82,4672.12,87212.89
74,27/11/2010,-34.065,-14.785,13462.04,91462.67,3167.54,108092.24999999999
75,27/11/2010,-33.5729,-13.7057,24543.49,53600.73,5360.07,83504.29000000001
76,27/11/2010,-33.2573,-12.4862,6813.51,19532.05,4996.57,31342.129999999997
77,27/11/2010,-32.9033,-11.3745,36419.37,95534.88,527.82,132482.07
78,28/11/2010,-32.607,-10.2,123897.43,51918.92,37759.22,213575.56999999998
79,28/11/2010,-32.3348,-9.2109,74613.49,113930.77,15637.56,204181.82
80,29/11/2010,-31.6387,-8.0787,49086.98,107718.66,10908.22,167713.86000000002
81,29/11/2010,-31.9295,-6.989,1855.89,14847.09,8042.17,24745.15
82,30/11/2010,-32.278,-5.9515,65449.31,58904.38,11453.63,135807.32
83,30/11/2010,-32.618,-4.8462,0.0,55189.41,3406.75,58596.16
84,30/11/2010,-32.835,-3.6837,1635.24,3815.56,8721.29,14172.09
85,1/12/2010,-33.043,-2.4258,47450.75,83993.28,6544.93,137988.96
86,2/12/2010,-33.2157,-1.2692,3270.48,57233.46,8176.21,68680.15000000001
87,2/12/2010,-33.4173,0.0825,32704.83,138995.54,24528.63,196229.0
88,2/12/2010,-33.6215,1.0787,1090.16,8721.29,4905.73,14717.18
89,3/12/2010,-33.82,2.264,29434.35,63229.35,8721.29,101384.98999999999
90,3/12/2010,-34.0253,3.4618,1635.24,15262.26,0.0,16897.5
91,4/12/2010,-34.1586,4.8587,0.0,13030.83,3066.08,16096.91
92,4/12/2010,-34.3584,6.2549,19089.38,59995.2,2727.05,81811.63
93,5/12/2010,-34.3065,7.1063,0.0,17442.58,0.0,17442.58
94,5/12/2010,-34.0162,9.7782,2180.32,4360.64,0.0,6540.960000000001
95,6/12/2010,-33.7817,11.3967,54508.06,80275.5,8919.5,143703.06
96,15/01/2011,-17.7225,-5.9518,0.0,8657.16,1923.81,10580.97
97,15/01/2011,-19.1813,-5.9712,1923.81,961.91,480.95,3366.6699999999996
98,16/01/2011,-20.8803,-5.9975,0.0,3692.48,263.75,3956.23
99,17/01/2011,-22.5407,-6.1887,2336.06,11346.57,1001.17,14683.8
100,17/01/2011,-23.8528,-6.3298,9386.58,8645.54,0.0,18032.120000000003
101,17/01/2011,-24.3825,-7.267,19798.89,28598.4,2566.52,50963.81
102,18/01/2011,-24.9143,-8.2032,25126.88,33502.51,1994.2,60623.59
103,18/01/2011,-25.3823,-9.2272,35430.24,34651.55,10122.92,80204.71
104,18/01/2011,-25.8243,-10.2767,204626.19,245286.25,30937.0,480849.44
105,19/01/2011,-26.2905,-11.288,45604.35,42021.15,2605.96,90231.46
106,19/01/2011,-26.8388,-12.2565,18937.54,34568.53,3607.15,57113.22
107,20/01/2011,-27.222,-13.266,5946.33,17839.0,495.53,24280.86
108,20/01/2011,-27.6412,-14.3013,88575.59,147823.48,17478.13,253877.2
109,20/01/2011,-28.032,-15.3368,29236.14,45093.03,3964.22,78293.39
110,21/01/2011,-28.3865,-16.3898,17885.46,47268.7,4258.44,69412.59999999999
111,21/01/2011,-28.832,-17.443,70126.71,73585.88,13207.72,156920.31000000003
112,22/01/2011,-29.1203,-18.5112,22192.57,41757.06,3504.09,67453.72
113,22/01/2011,-29.5068,-19.5708,31239.29,63249.91,7713.4,102202.6
114,22/01/2011,-29.9482,-20.712,21597.53,65178.27,5785.05,92560.84999999999
115,23/01/2011,-30.2798,-21.833,51047.23,63160.13,7786.87,121994.23
116,23/01/2011,-30.5678,-22.9272,138304.02,119185.53,17491.39,274980.94
117,23/01/2011,-30.896,-24.0645,211384.9,167844.93,43539.97,422769.79999999993
118,24/01/2011,-31.1353,-25.223,173744.43,193855.26,10549.95,378149.64
119,24/01/2011,-31.4843,-26.3197,24186.85,24186.85,2366.11,50739.81
120,25/01/2011,-31.6642,-27.5227,96946.47,84682.16,18396.47,200025.1
121,25/01/2011,-31.94,-28.6897,47474.76,42199.79,0.0,89674.55
122,26/01/2011,-32.4768,-29.7142,82179.24,90939.46,21274.83,194393.53000000003
123,26/01/2011,-32.831,-30.8133,23506.6,30660.78,2725.4,56892.78
124,27/01/2011,-33.2383,-32.0515,26607.32,36030.75,1940.12,64578.19
125,27/01/2011,-33.4538,-33.1737,20849.33,29025.54,4496.91,54371.78
126,27/01/2011,-33.687,-34.342,7432.92,14542.66,323.17,22298.75
127,28/01/2011,-33.9352,-35.503,545.08,2725.4,272.54,3543.02
128,29/01/2011,-34.6837,-36.4507,15609.13,52773.71,0.0,68382.84
129,29/01/2011,-34.765,-37.5982,7472.88,11429.11,5274.97,24176.960000000003
130,30/01/2011,-34.6662,-38.8243,38357.52,52993.94,10094.08,101445.54
131,31/01/2011,-34.807,-40.0783,90716.98,36208.92,9733.58,136659.47999999998
132,31/01/2011,-34.8687,-41.3467,85525.19,177892.4,10263.02,273680.61
133,31/01/2011,-34.8428,-42.5657,3303.52,8809.38,1651.76,13764.66
134,1/2/2011,-34.9098,-43.8572,4569.06,8176.21,1202.38,13947.650000000001
135,1/2/2011,-35.082,-45.0112,29360.02,24528.63,3716.46,57605.11
136,2/2/2011,-34.9393,-46.2998,6813.51,5791.48,1362.7,13967.69
137,2/2/2011,-35.1497,-47.8308,16352.42,39129.0,2920.07,58401.49
138,3/2/2011,-34.7158,-49.213,4695.8,10220.26,828.67,15744.730000000001
139,16/09/2007,37.2045,-133.865,15506.45,18552.36,1107.6,35166.409999999996
140,16/09/2007,37.1755,-133.9495,32472.93,68218.32,14348.5,115039.75
141,18/09/2007,38.1515,-137.4531,118621.69,97000.01,14282.21,229903.91
142,20/09/2007,38.6913,-141.772,17257.5,18881.74,2436.35,38575.590000000004
143,20/09/2007,38.6878,-142.0264,5100.93,14353.77,1660.77,21115.47
144,20/09/2007,38.641,-142.2665,9619.48,12488.45,928.2,23036.13
145,21/09/2007,37.8664,-143.8151,16235.81,255134.23,11597.01,282967.05000000005
146,22/09/2007,36.6822,-144.8449,82044.72,391763.53,28202.87,502011.12
147,22/09/2007,36.5084,-145.0356,20917.25,107991.36,7296.71,136205.32
148,24/09/2007,32.5488,-146.9627,22362.54,60773.5,7498.03,90634.07
149,24/09/2007,32.5205,-147.2988,13741.98,61151.82,17177.48,92071.28
150,26/09/2007,31.5611,-152.6133,5382.34,29710.54,6028.23,41121.11
151,27/09/2007,29.4539,-153.52,2016.65,23527.53,5377.72,30921.9
152,10/11/2007,18.8899,-155.6586,0.0,8386.43,0.0,8386.43
153,10/11/2007,18.9173,-155.7009,418.09,1254.26,418.09,2090.44
154,10/11/2007,18.9533,-155.7185,721.67,721.67,0.0,1443.34
155,10/11/2007,18.1587,-155.9801,3741.2,1360.44,0.0,5101.639999999999
156,11/11/2007,19.2407,-155.1751,156.73,1097.09,156.73,1410.55
157,12/11/2007,19.6952,-154.3368,221.59,2437.48,1107.94,3767.01
158,12/11/2007,19.8499,-154.435,617.13,2879.93,411.42,3908.48
159,12/11/2007,19.9206,-154.6866,1768.14,4641.37,1547.12,7956.63
160,24/11/2007,19.0713,-155.4457,1590.78,3181.56,1590.78,6363.12
161,24/11/2007,19.0051,-155.5729,14048.46,35369.07,1983.31,51400.84
162,24/11/2007,19.3403,-156.087,26247.9,24283.77,1785.57,52317.24
163,25/11/2007,19.8962,-155.9993,0.0,725.75,0.0,725.75
164,21/01/2008,19.2901,-156.0478,5713.83,3713.99,0.0,9427.82
165,23/01/2008,21.6509,-160.5405,2149.08,4298.16,5730.88,12178.119999999999
166,23/01/2008,21.6499,-160.5483,642.81,1285.61,0.0,1928.4199999999998
167,23/01/2008,22.0117,-160.8771,719.94,2639.79,959.92,4319.65
168,23/01/2008,22.0984,-160.9692,3428.3,20021.26,1371.32,24820.879999999997
169,24/01/2008,22.9567,-161.9107,719.94,3839.69,359.97,4919.6
170,25/01/2008,23.5707,-164.4812,151.33,907.97,605.31,1664.61
171,27/01/2008,30.1206,-165.4097,11453.63,14609.22,2337.48,28400.329999999998
172,27/01/2008,30.989,-165.4256,4850.14,31374.33,2121.94,38346.41
173,28/01/2008,32.0113,-165.4,709.11,18358.04,2994.01,22061.160000000003
174,28/01/2008,32.2366,-165.914,9360.95,32678.24,2042.39,44081.58
175,29/01/2008,33.0283,-167.5915,29563.75,82555.38,2603.1,114722.23000000001
176,29/01/2012,33.0118,-167.9233,30557.56,45116.39,3519.72,79193.67
177,29/01/2008,33.0136,-168.1356,14317.04,27526.21,5028.01,46871.26
178,30/01/2008,32.8404,-170.0683,15427.34,7999.36,1371.32,24798.02
179,30/01/2008,32.5552,-169.6959,4249.66,22873.17,1624.87,28747.699999999997
180,31/01/2008,32.2592,-167.992,12399.01,121590.27,10132.52,144121.8
181,1/2/2008,32.5498,-165.8103,10496.48,25661.63,4894.06,41052.17
182,1/2/2008,32.4721,-166.1064,0.0,20071.12,5235.94,25307.059999999998
183,2/2/2008,33.2827,-164.9998,287.29,17524.54,2528.13,20339.960000000003
184,3/2/2008,33.7558,-162.7216,7270.35,37593.05,4433.14,49296.54
185,4/2/2008,33.7601,-160.4152,21459.82,65763.97,11999.04,99222.83000000002
186,5/2/2008,34.5145,-157.8488,38094.85,97334.87,5538.02,140967.74
187,6/2/2008,36.1594,-157.5585,3183.82,14725.19,1790.9,19699.910000000003
188,9/2/2008,35.6912,-147.6655,54395.65,136889.05,14698.82,205983.52
189,10/2/2008,35.8771,-132.573,32809.88,8249.34,9561.74,50620.96
190,14/02/2008,35.7633,-138.5103,164899.09,105488.64,17386.52,287774.25
191,14/02/2008,35.7626,-138.7748,59515.24,175528.81,10559.16,245603.21
192,13/02/2008,35.8875,-139.3993,38298.82,88357.71,14527.14,141183.66999999998
193,13/02/2008,35.9653,-139.8182,32801.28,82038.31,7936.93,122776.51999999999
194,13/02/2008,36.0408,-140.3313,357243.0,235383.27,61233.0,653859.27
195,13/02/2008,36.083,-140.7946,211557.29,238973.39,44254.33,494785.01000000007
196,12/2/2008,35.8409,-140.8203,300585.87,350139.78,49024.86,699750.51
197,12/2/2008,35.3814,-141.0245,391199.87,254744.74,41887.56,687832.1699999999
198,11/2/2008,35.0049,-141.4513,101533.05,272201.75,13657.73,387392.52999999997
199,11/2/2008,35.9064,-141.7822,155566.98,290785.1,16380.83,462732.91
200,11/2/2008,34.679,-142.0756,159155.27,149652.03,16894.65,325701.95
201,15/06/2009,25.107,-128.1097,14058.05,12993.04,3834.01,30885.1
202,15/06/2009,24.2205,-128.353,2491.81,4600.27,766.71,7858.79
203,16/06/2009,23.5677,-130.3722,4561.04,7367.83,2105.09,14033.96
204,21/06/2009,24.6048,-146.387,1045.21,1254.26,209.04,2508.51
205,21/06/2009,24.5445,-146.4777,1983.31,1873.13,330.55,4186.99
206,21/06/2009,24.4147,-146.6687,210.39,1262.32,420.77,1893.48
207,21/06/2009,24.3578,-146.7665,20725.61,7635.75,0.0,28361.36
208,30/06/2009,23.567,-160.4192,4990.27,8157.17,287.9,13435.34
209,3/7/2009,29.301,-162.048,55398.79,63140.11,10160.48,128699.37999999999
210,3/7/2009,29.771,-162.6273,32345.24,50343.8,11216.49,93905.53000000001
211,4/7/2009,30.5422,-163.2292,11958.37,20500.05,1708.34,34166.759999999995
212,4/7/2009,31.3098,-163.994,137693.9,162773.86,14359.51,314827.27
213,4/7/2009,31.6068,-164.2543,25655.84,67099.9,6907.34,99663.07999999999
214,5/7/2009,32.7388,-165.2378,80350.71,32318.84,3928.26,116597.81
215,7/7/2009,34.3688,-169.1825,7522.62,21453.39,2089.62,31065.629999999997
216,8/7/2009,34.3877,-170.019,57576.04,71728.13,10886.23,140190.40000000002
217,9/7/2009,35.0628,-171.635,33826.4,38965.56,12732.84,85524.79999999999
218,9/7/2009,35.002,-171.7438,25474.15,43091.79,5713.83,74279.77
219,9/7/2009,34.9987,-171.8237,23981.43,30101.69,4121.81,58204.92999999999
220,9/7/2009,35.0003,-171.9347,27815.96,32490.91,3389.34,63696.20999999999
221,10/7/2009,34.5922,-172.951,30274.08,53083.31,1382.38,84739.77
222,12/7/2009,34.5387,-176.3967,18313.97,94622.16,18313.97,131250.1
223,12/7/2009,34.4852,-176.4423,20444.61,56952.85,13873.13,91270.59
224,12/7/2009,34.4678,-176.4583,9799.58,16985.94,6533.05,33318.57
225,12/7/2010,34.4452,-176.4782,44996.4,78743.7,937.43,124677.53
226,12/7/2009,34.4268,-176.4903,81019.16,62559.1,12306.71,155884.97
227,14/07/2009,34.0135,-179.9885,11051.75,25261.14,0.0,36312.89
228,14/07/2009,34.0515,-179.9942,74111.72,280565.79,0.0,354677.51
229,14/07/2009,34.1497,-179.9897,17998.56,21598.27,0.0,39596.83
230,14/07/2009,34.1563,-179.988,5454.11,116354.33,7726.65,129535.09
231,15/07/2009,34.5053,-179.858,1818.04,10302.21,606.01,12726.26
232,15/07/2009,35.095,-179.9312,24283.77,48567.54,4285.37,77136.68
233,15/07/2009,35.3822,-179.893,21628.36,30467.78,2068.8,54164.94
234,15/07/2009,35.4108,-179.8732,15103.69,15103.69,3775.92,33983.3
235,16/07/2009,36.0995,-179.588,60256.05,99122.5,9651.4,169029.94999999998
236,16/07/2009,36.4778,-179.353,29997.6,25712.23,4285.37,59995.200000000004
237,17/07/2009,37.8532,-179.3768,505.81,6912.8,1180.23,8598.84
238,18/07/2009,39.2955,-179.7523,11477.34,2086.79,2086.79,15650.920000000002
239,18/07/2009,39.3125,-179.7445,85587.56,181873.56,10698.44,278159.56
240,19/07/2009,40.3088,-178.9072,16455.83,53481.44,4113.96,74051.23000000001
241,19/07/2009,40.492,-178.7088,13845.05,31382.1,2769.01,47996.159999999996
242,9/9/2009,25.6292,-158.9848,13405.52,17800.77,439.53,31645.82
243,11/9/2009,28.0083,-160.3058,232634.45,69048.64,8770.88,310453.97000000003
244,11/9/2009,26.6528,-160.3025,206456.97,44479.77,8659.78,259596.52
245,13/09/2009,31.1583,-160.2433,223307.2,180074.92,21973.43,425355.55
246,13/09/2009,31.151,-160.1013,478350.99,218841.55,65028.35,762220.89
247,13/09/2009,31.1502,-159.979,155428.8,91801.12,10762.89,257992.81
248,17/09/2009,30.8125,-158.6852,46548.0,39730.36,705.27,86983.63
249,17/09/2009,31.3132,-158.7325,0.0,1993.75,1079.95,3073.7
250,18/09/2009,32.005,-159.0086,234356.25,124115.07,11624.07,370095.39
251,18/09/2009,32.4983,-159.92,62482.95,63832.89,5592.61,131908.44999999998
252,18/09/2009,32.5517,-159.9608,25165.27,53026.82,4673.55,82865.64
253,19/09/2009,33.1373,-159.246,34033.64,23998.08,1963.48,59995.200000000004
254,19/09/2009,33.1848,-159.229,24076.76,25020.95,4484.89,53582.6
255,24/09/2009,34.2913,-144.3522,102332.95,233158.6,25683.56,361175.11
256,24/09/2009,34.37,-143.7072,82359.48,389901.84,27118.37,499379.69
257,25/09/2009,34.6675,-142.0818,43732.77,217784.78,10109.08,271626.63
258,25/09/2009,34.9327,-141.896,4331.36,50688.63,4097.23,59117.22
259,26/09/2009,35.007,-141.434,25281.4,157078.34,11870.71,194230.44999999998
260,26/09/2009,35.3843,-141.0217,12176.97,80178.94,7228.34,99584.25
261,26/09/2009,35.841,-140.8242,6341.89,145774.85,19779.61,171896.35000000003
262,27/09/2009,36.074,-140.8297,15049.64,200119.58,8541.69,223710.90999999997
263,27/09/2009,36.0405,-140.3197,19181.16,326223.9,10960.66,356365.72
264,27/09/2009,36.0135,-140.1468,99772.24,354257.37,18899.59,472929.2
265,27/09/2009,35.9848,-139.9853,64136.84,109045.4,5302.15,178484.38999999998
266,27/09/2009,35.9262,-139.7735,20349.25,73295.57,8484.17,102128.99
267,28/09/2009,35.6865,-139.2023,0.0,39715.13,3380.01,43095.14
268,25/09/2009,34.6502,-142.2878,88881.78,286396.84,25183.17,400461.79
269,11/7/2011,31.5383,-156.8608,6798.71,24281.09,5827.46,36907.26
270,11/7/2011,32.2027,-156.8332,6957.08,21280.47,5320.12,33557.670000000006
271,14/07/2011,39.1247,-156.9162,4548.72,24397.7,2894.64,31841.06
272,14/07/2011,40.2005,-156.707,13470.24,29695.75,2755.28,45921.27
273,15/07/2011,41.0398,-156.2367,16016.88,66276.76,3313.84,85607.48
274,15/07/2011,41.3213,-155.7068,95605.29,102762.91,21217.22,219585.42
275,15/07/2011,41.3388,-155.7317,47068.59,45234.75,0.0,92303.34
276,16/07/2011,41.2838,-154.2545,83148.98,123167.2,11116.17,217432.35
277,17/07/2011,40.5463,-151.5393,4703.68,9407.35,335.98,14447.01
278,17/07/2011,40.5133,-150.16,59575.71,9637.25,876.11,70089.06999999999
279,18/07/2011,40.4037,-148.0525,62003.48,31001.74,1347.9,94353.12
280,18/07/2011,40.2372,-146.2703,38712.74,5211.33,0.0,43924.07
281,19/07/2011,40.0895,-144.4545,88723.44,15046.67,518.85,104288.96
282,20/07/2011,40.3673,-140.9322,53751.77,9406.56,0.0,63158.329999999994
283,21/07/2011,42.0602,-137.5418,106763.07,64419.75,1447.63,172630.45
284,22/07/2011,43.6962,-134.5772,27369.63,9519.87,0.0,36889.5
285,7/5/2012,14.5523,160.7231,1632.46,4570.9,979.48,7182.84
286,8/5/2012,15.2175,159.9003,0.0,2772.96,554.59,3327.55
287,8/5/2012,15.7937,159.2056,0.0,359.73,1438.91,1798.64
288,8/5/2012,16.4507,158.5566,0.0,387.59,0.0,387.59
289,9/5/2012,17.4912,157.5383,647.66,2914.45,323.83,3885.9399999999996
290,9/5/2012,17.9596,157.078,724.62,4710.01,362.31,5796.9400000000005
291,10/5/2012,32.8112,156.4986,0.0,1877.65,0.0,1877.65
292,10/5/2012,19.4321,156.1433,573.26,3439.56,573.26,4586.08
293,11/5/2012,19.6586,155.1127,2829.79,3773.05,0.0,6602.84
294,11/5/2012,20.5115,155.1814,5557.49,8027.49,617.5,14202.48
295,12/5/2012,21.5837,155.3391,555.18,1387.96,0.0,1943.1399999999999
296,12/5/2012,22.4588,155.2998,12957.51,14701.79,1245.91,28905.210000000003
297,13/05/2012,23.4111,155.2311,6315.32,5112.4,1202.92,12630.64
298,13/05/2012,24.2949,155.0853,3526.16,11540.16,1923.36,16989.68
299,14/05/2012,25.099,154.157,10862.09,9296.38,391.43,20549.9
300,14/05/2012,25.7062,153.2397,814.51,3258.06,1221.77,5294.34
301,15/05/2012,26.3517,152.2958,3400.19,27201.52,1360.08,31961.79
302,15/05/2012,27.0833,151.3647,4323.51,14699.93,864.7,19888.140000000003
303,16/05/2012,27.8482,150.2578,36781.1,275858.22,12260.37,324899.68999999994
304,16/05/2012,28.5588,149.3047,2689.82,17483.84,336.23,20509.89
305,17/05/2012,29.7272,148.0468,62977.87,127580.97,10157.72,200716.56
306,14/06/2012,33.2582,151.1831,20879.57,29285.63,2982.8,53148.0
307,15/06/2012,32.0859,153.1712,6919.37,24632.94,553.55,32105.859999999997
308,16/06/2012,31.2728,155.3199,3546.62,9995.02,2256.94,15798.58
309,17/06/2012,30.7313,157.7742,2553.92,11918.3,4540.3,19012.52
310,18/06/2012,30.191,160.4028,8654.04,24725.84,0.0,33379.880000000005
311,19/06/2012,30.4448,163.3177,1832.98,6022.66,261.85,8117.49
312,20/06/2012,30.4993,166.0763,9357.02,15311.5,1417.73,26086.25
313,21/06/2012,30.077,168.133,24616.74,23406.08,807.11,48829.93000000001
314,22/06/2012,29.1979,169.8263,3547.73,11234.48,591.29,15373.5
315,23/06/2012,29.4129,172.0143,6335.44,11966.93,1759.84,20062.21
316,24/06/2012,28.4783,175.315,31770.67,42236.31,2242.64,76249.62
317,26/06/2012,30.2817,-176.8333,14421.28,17457.33,759.01,32637.62
318,27/06/2012,31.1333,-174.3002,13779.54,22259.26,1766.61,37805.41
319,28/03/2011,-33.1342,-81.2382,1090.16,0.0,0.0,1090.16
320,28/03/2011,-33.1071,-82.387,0.0,0.0,0.0,0.0
321,29/03/2011,-33.0195,-83.4213,0.0,0.0,0.0,0.0
322,29/03/2011,-32.9105,-84.4851,0.0,605.65,0.0,605.65
323,30/03/2011,-32.8038,-86.2393,0.0,817.62,1226.43,2044.0500000000002
324,30/03/2011,-32.7309,-86.3835,1486.58,0.0,371.65,1858.23
325,30/03/2011,-32.5685,-87.4243,1168.03,0.0,0.0,1168.03
326,31/03/2011,-32.3817,-88.1103,355.49,6398.77,4976.82,11731.08
327,31/03/2011,-32.2052,-89.4267,791.25,791.25,395.62,1978.12
328,31/03/2011,-31.978,-90.4108,1308.19,3270.48,327.05,4905.72
329,1/4/2011,-31.8065,-91.3445,0.0,1533.04,0.0,1533.04
330,1/4/2011,-31.5774,-92.3432,1226.43,7767.4,408.81,9402.64
331,2/4/2011,-31.3878,-93.3457,371.65,7804.56,1114.94,9291.15
332,2/4/2011,-31.1743,-94.3172,766.52,1533.04,255.51,2555.0699999999997
333,2/4/2011,-30.9504,-95.3477,1645.11,3290.22,658.04,5593.37
334,3/4/2011,-30.5732,-96.2025,1179.83,5191.24,1179.83,7550.9
335,3/4/2011,-30.2413,-97.0948,8328.02,22902.06,1561.5,32791.58
336,3/4/2011,-29.8994,-97.9295,11841.41,41444.92,2255.51,55541.840000000004
337,6/4/2011,-29.5605,-98.8063,2555.07,18907.48,511.01,21973.559999999998
338,4/4/2011,-29.3441,-99.7966,24528.63,33007.66,18169.35,75705.64000000001
339,5/4/2011,-29.1922,-100.739,7665.2,56211.43,3577.09,67453.72
340,5/4/2011,-29.0453,-101.7302,244566.94,109695.46,42079.9,396342.30000000005
341,6/4/2011,-28.8929,-102.5777,50828.03,53451.42,8198.07,112477.51999999999
342,6/4/2011,-28.7311,-103.5486,8176.21,24098.3,2151.63,34426.14
343,6/4/2011,-28.5805,-104.3963,23413.69,55375.23,4831.4,83620.31999999999
344,7/4/2011,-28.33,-105.331,8176.21,32402.01,3028.23,43606.450000000004
345,7/4/2011,-28.1885,-106.3073,2146.25,11957.7,1839.65,15943.6
346,8/4/2011,-27.8781,-107.246,1460.04,3504.09,292.01,5256.14
347,8/4/2011,-27.5502,-108.0495,17546.56,73110.66,3289.98,93947.2
348,9/4/2011,-27.2818,-108.9362,0.0,43497.43,1635.24,45132.67
349,15/04/2011,-27.022,-110.9803,634.91,13333.07,634.91,14602.89
350,15/04/2011,-26.8718,-111.9128,845.81,9585.9,1691.63,12123.34
351,16/04/2011,-26.6982,-112.871,598.26,2193.62,0.0,2791.88
352,16/04/2011,-26.6027,-113.8575,0.0,1582.49,263.75,1846.24
353,16/04/2011,-26.5353,-114.8312,0.0,662.94,441.96,1104.9
354,17/04/2011,-26.3318,-115.7358,0.0,0.0,527.5,527.5
355,17/04/2011,-26.238,-116.6753,1409.69,4511.01,281.94,6202.64
356,18/04/2011,-26.1643,-117.5795,0.0,3633.87,302.82,3936.69
357,18/04/2011,-26.0652,-118.5125,0.0,598.99,0.0,598.99
358,18/04/2011,-26.0422,-119.432,3971.3,7475.39,700.82,12147.51
359,19/04/2011,-25.9512,-120.4278,2271.17,4315.22,908.47,7494.860000000001
360,19/04/2011,-25.8596,-121.3422,1907.78,2180.32,0.0,4088.1000000000004
361,19/04/2011,-25.5538,-122.2008,0.0,1886.82,943.41,2830.23
362,20/04/2011,-25.2705,-123.2543,480.95,961.91,0.0,1442.86
363,20/04/2011,-24.9669,-123.9391,4496.91,8585.02,817.62,13899.550000000001
364,20/04/2011,-24.6527,-124.7923,4792.95,20299.55,1973.57,27066.07
365,21/04/2011,-24.5847,-125.7344,8191.38,14562.45,1365.23,24119.06
366,21/04/2011,-24.4952,-126.6168,5450.81,3331.05,0.0,8781.86
367,19/03/2010,-26.5485,106.8701,2803.27,2102.45,140.16,5045.879999999999
368,22/03/2010,-24.3947,99.5107,1780.66,4451.66,1335.5,7567.82
369,23/03/2010,-24.4876,98.1066,4897.21,3832.6,0.0,8729.81
370,22/03/2010,-24.4935,96.4434,14358.22,88542.35,4786.07,107686.64000000001
371,23/03/2010,-24.0191,94.8233,4995.14,9250.27,2590.07,16835.48
372,26/03/2010,-21.4145,75.2972,15797.43,4070.08,850.81,20718.320000000003
373,31/03/2010,-21.2668,72.1455,1282.41,3373.72,453.78,5109.91
374,1/4/2010,-21.049,68.4367,11186.87,15071.55,4523.92,30782.339999999997
375,2/4/2010,-20.6787,64.942,52575.0,99547.74,9480.74,161603.47999999998
376,3/4/2010,-20.2472,61.6722,1039.18,4429.31,1294.72,6763.210000000001
377,10/7/2010,43.6823,7.699,13316.44,7576.13,3882.21,24774.78
378,10/7/2010,43.7653,8.0349,20187.79,11485.45,5885.45,37558.69
379,11/7/2010,44.1738,8.9859,92122.13,52411.07,26856.82,171390.02000000002
380,11/7/2010,44.2934,9.2035,409477.27,232964.0,119376.91,761818.18
381,12/7/2010,43.8789,9.3394,113883.27,64791.63,33200.94,211875.84
382,13/07/2010,43.2046,8.999,15454.07,8792.29,4505.4,28751.760000000002
383,15/07/2010,42.8895,10.2292,70234.88,39958.75,20475.92,130669.55
384,15/07/2010,42.8428,10.2831,479454.64,272776.24,139777.75,892008.63
385,16/07/2010,42.9838,9.3248,34209.26,19462.68,9973.19,63645.130000000005
386,17/07/2010,42.7337,9.0328,46825.15,26640.25,13651.17,87116.56999999999
387,21/07/2010,42.8743,8.2616,84165.77,47884.45,24537.26,156587.48
388,21/07/2010,42.8568,8.317,20315.87,11558.32,5922.79,37796.979999999996
389,21/07/2010,42.7962,8.4162,102593.36,58368.46,29909.54,190871.36000000002
390,21/07/2010,42.757,8.4698,16036.52,9123.66,4675.21,29835.39
391,21/07/2010,42.7252,8.5102,15672.25,8916.41,4569.01,29157.67
392,21/07/2010,42.6938,8.5717,15091.79,8586.18,4399.78,28077.75
393,21/07/2010,42.6544,8.6121,51079.91,29060.91,14891.58,95032.40000000001
394,21/07/2010,42.6225,8.6588,102740.28,58452.05,29952.38,191144.71000000002
395,21/07/2010,42.6043,8.7248,193871.49,110299.35,56520.3,360691.13999999996
396,22/07/2010,42.8195,8.3553,16340.0,9296.32,4763.68,30400.0
397,26/07/2010,43.2464,8.0701,28442.22,16181.64,8291.9,52915.76
398,27/07/2010,43.5498,8.6342,57998.75,32997.24,16908.66,107904.65
399,27/07/2010,43.4473,8.3581,29318.18,16680.0,8547.27,54545.45
400,29/07/2010,43.0758,6.384,24346.69,13851.57,7097.91,45296.17
401,29/07/2010,43.0032,6.3696,247853.67,141011.45,72257.99,461123.11
402,30/07/2010,43.063,5.8787,0.0,0.0,0.0,0.0
403,31/07/2010,43.3181,5.1862,0.0,0.0,0.0,0.0
404,31/07/2010,43.3203,5.1988,0.0,0.0,0.0,0.0
405,31/07/2010,43.3241,5.1659,6965.44,3962.85,2030.67,12958.96
406,1/8/2010,43.3003,5.246,0.0,0.0,0.0,0.0
407,1/8/2010,43.2609,4.9354,6450.0,3669.6,1880.4,12000.0
408,1/8/2010,43.0098,4.3971,5077.6,2888.8,1480.3,9446.7
409,1/8/2010,42.8136,3.9276,6046.12,3439.82,1762.65,11248.59
410,2/8/2010,42.5295,3.1341,6139.67,3493.04,1789.93,11422.64
411,2/8/2010,42.4627,3.3037,10883.01,6191.68,3172.78,20247.47
412,2/8/2010,42.3302,3.4784,22326.06,12701.97,6508.83,41536.86
413,2/8/2010,42.2513,3.6462,68493.52,38968.03,19968.25,127429.8
414,7/8/2010,42.2428,8.5225,6506.05,3701.49,1896.74,12104.28
415,7/8/2010,42.3235,8.5842,20425.0,11620.4,5954.6,38000.0
416,7/8/2010,43.5743,7.393,27412.5,15595.8,7991.7,51000.0
417,3/1/2011,-60.3388,-60.5325,36850.15,3122.89,0.0,39973.04
418,17/01/2011,-63.8753,-56.0937,12847.79,26766.22,3211.95,42825.96
419,22/01/2011,-63.3871,-56.801,0.0,9389.37,0.0,9389.37
420,27/01/2011,-57.7642,-67.0034,0.0,955.79,0.0,955.79
421,21/02/2011,-39.6298,-76.9828,750.64,0.0,0.0,750.64
422,25/02/2011,-34.1697,-73.0895,0.0,406.98,0.0,406.98
423,26/02/2011,-33.6899,-72.0005,0.0,1247.51,311.88,1559.3899999999999
424,7/5/2012,14.5557,160.7487,0.0,0.0,0.0,0.0
425,7/5/2012,14.5557,160.7487,0.0,0.0,0.0,0.0
426,8/5/2012,15.7948,159.2038,0.0,0.0,0.0,0.0
427,8/5/2012,15.7948,159.2038,0.0,0.0,0.0,0.0
428,9/5/2012,17.4933,157.535,0.0,0.0,0.0,0.0
429,10/5/2012,19.3057,156.22,0.0,0.0,0.0,0.0
430,12/5/2012,22.0512,155.4182,0.0,0.0,0.0,0.0
431,13/05/2012,23.9013,155.2417,0.0,0.0,0.0,0.0
432,13/05/2012,23.9013,155.2417,0.0,0.0,0.0,0.0
433,14/05/2012,25.1033,154.1482,0.0,0.0,0.0,0.0
434,15/05/2012,26.358,152.2792,0.0,0.0,0.0,0.0
435,15/05/2012,26.7132,151.782,0.0,0.0,0.0,0.0
436,16/05/2012,27.7877,150.3495,0.0,0.0,0.0,0.0
437,16/05/2012,27.8875,150.1943,0.0,0.0,0.0,0.0
438,16/05/2012,27.8875,150.1943,0.0,0.0,0.0,0.0
439,17/05/2012,30.0408,147.59,0.0,0.0,0.0,0.0
440,19/05/2012,32.8888,143.7253,0.0,0.0,0.0,0.0
441,19/05/2012,32.9825,143.425,0.0,0.0,0.0,0.0
442,19/05/2012,32.9825,143.425,0.0,0.0,0.0,0.0
443,15/06/2012,32.16,152.46,0.0,0.0,0.0,0.0
444,15/06/2012,32.04,153.19,0.0,0.0,0.0,0.0
445,15/06/2012,32.0067,153.3833,0.0,0.0,0.0,0.0
446,15/06/2012,32.04,153.21,0.0,0.0,0.0,0.0
447,16/06/2012,31.08,155.33,0.0,0.0,0.0,0.0
448,16/06/2012,30.58,156.11,0.0,0.0,0.0,0.0
449,16/06/2012,31.05,155.46,0.0,0.0,0.0,0.0
450,17/06/2012,30.41,157.51,0.0,0.0,0.0,0.0
451,17/06/2012,30.4016,158.0191,0.0,0.0,0.0,0.0
452,17/06/2012,30.39,158.04,0.0,0.0,0.0,0.0
453,17/06/2012,30.2,158.4217,0.0,0.0,0.0,0.0
454,18/06/2012,30.12,158.55,0.0,0.0,0.0,0.0
455,18/06/2012,30.0962,160.0116,0.0,0.0,0.0,0.0
456,18/06/2012,30.14,160.53,0.0,0.0,0.0,0.0
457,18/06/2012,30.12,160.39,0.0,0.0,0.0,0.0
458,18/06/2012,30.1916,161.3383,0.0,0.0,0.0,0.0
459,18/06/2012,30.1152,160.309,0.0,0.0,0.0,0.0
460,19/06/2012,30.2556,163.0435,0.0,0.0,0.0,0.0
461,19/06/2012,30.28,163.59,0.0,0.0,0.0,0.0
462,19/06/2012,30.2949,164.2165,0.0,0.0,0.0,0.0
463,20/06/2012,30.3045,166.0915,0.0,0.0,0.0,0.0
464,20/06/2012,30.3397,166.2189,0.0,0.0,0.0,0.0
465,20/06/2012,30.33,166.2,0.0,0.0,0.0,0.0
466,20/06/2012,30.42,166.46,0.0,0.0,0.0,0.0
467,21/06/2012,29.5845,168.2213,0.0,0.0,0.0,0.0
468,21/06/2012,29.5261,168.3514,0.0,0.0,0.0,0.0
469,22/06/2012,29.1,170.03,0.0,0.0,0.0,0.0
470,23/06/2012,28.55,173.1,0.0,0.0,0.0,0.0
471,23/06/2012,29.01,172.49,0.0,0.0,0.0,0.0
472,23/06/2012,29.1514,172.2652,0.0,0.0,0.0,0.0
473,23/06/2012,29.11,170.31,0.0,0.0,0.0,0.0
474,24/06/2012,28.34,175.11,0.0,0.0,0.0,0.0
475,24/06/2012,28.2373,175.2428,0.0,0.0,0.0,0.0
476,25/06/2012,29.51,179.45,0.0,0.0,0.0,0.0
477,25/06/2012,30.0095,-178.5613,0.0,0.0,0.0,0.0
478,26/06/2012,30.04,-178.41,0.0,0.0,0.0,0.0
479,26/06/2012,30.2152,-176.4467,0.0,0.0,0.0,0.0
480,26/06/2012,30.25,-176.28,0.0,0.0,0.0,0.0
481,26/06/2012,30.2856,-176.1427,0.0,0.0,0.0,0.0
482,26/06/2012,30.3412,-175.5211,0.0,0.0,0.0,0.0
483,27/06/2012,31.1021,-174.1443,0.0,0.0,0.0,0.0
484,27/06/2012,31.1517,-174.0432,0.0,0.0,0.0,0.0
485,27/06/2012,31.2573,-173.469,0.0,0.0,0.0,0.0
486,27/06/2012,31.3837,-173.2722,0.0,0.0,0.0,0.0
487,28/06/2012,30.3,-173.04,0.0,0.0,0.0,0.0
488,28/06/2012,30.546,-172.3667,0.0,0.0,0.0,0.0
489,28/06/2012,31.0304,-172.2703,0.0,0.0,0.0,0.0
490,21/05/2009,30.8333,-146.9,0.0,0.0,0.0,0.0
491,22/05/2009,33.541,-144.916,0.0,0.0,0.0,0.0
492,23/05/2009,36.25,-142.9333,0.0,0.0,0.0,0.0
493,25/05/2009,36.45,-137.1667,0.0,0.0,0.0,0.0
494,19/07/2009,25.6667,-158.0333,0.0,0.0,0.0,0.0
495,20/07/2009,28.3667,-157.35,0.0,0.0,0.0,0.0
496,22/07/2009,33.65,-155.1667,0.0,0.0,0.0,0.0
497,23/07/2009,34.9333,-151.1167,0.0,0.0,0.0,0.0
498,24/07/2009,36.1167,-147.0333,0.0,0.0,0.0,0.0
499,25/07/2009,37.4833,-142.1,0.0,0.0,0.0,0.0
500,26/07/2009,37.85,-138.0,0.0,0.0,0.0,0.0
501,23/07/2009,27.5667,-154.2,0.0,0.0,0.0,0.0
502,25/07/2009,29.7333,-150.6167,0.0,0.0,0.0,0.0
503,26/07/2009,31.0667,-148.8,0.0,0.0,0.0,0.0
504,27/07/2009,32.5667,-147.4167,0.0,0.0,0.0,0.0
505,28/07/2009,34.4333,-145.8167,0.0,0.0,0.0,0.0
506,29/07/2009,36.5,-144.9,0.0,0.0,0.0,0.0
507,30/07/2009,37.9667,-143.4833,0.0,0.0,0.0,0.0
508,30/07/2009,27.5667,-157.3833,0.0,0.0,0.0,0.0
509,21/07/2009,30.95,-157.35,0.0,0.0,0.0,0.0
510,22/07/2009,33.4,-156.9333,0.0,0.0,0.0,0.0
511,23/07/2009,34.5,-153.25,0.0,0.0,0.0,0.0
512,24/07/2009,35.4167,-149.8833,0.0,0.0,0.0,0.0
513,25/07/2009,36.0,-146.3333,0.0,0.0,0.0,0.0
514,26/07/2009,36.5,-142.0833,0.0,0.0,0.0,0.0
515,27/07/2009,37.1667,-138.9167,0.0,0.0,0.0,0.0
516,28/07/2009,37.15,-138.9,0.0,0.0,0.0,0.0
517,9/8/2009,36.27,-148.5395,0.0,0.0,0.0,0.0
518,12/8/2009,35.6247,-139.8972,0.0,0.0,0.0,0.0
519,13/08/2009,35.401,-136.7717,0.0,0.0,0.0,0.0
520,19/08/2009,22.4217,-159.5167,0.0,0.0,0.0,0.0
521,20/08/2009,24.6667,-159.4667,0.0,0.0,0.0,0.0
522,21/08/2009,27.4852,-158.3032,0.0,0.0,0.0,0.0
523,23/08/2009,32.346,-157.5991,0.0,0.0,0.0,0.0
524,24/08/2009,33.9533,-155.8267,0.0,0.0,0.0,0.0
525,25/08/2009,35.8667,-152.5333,0.0,0.0,0.0,0.0
526,27/08/2009,37.0717,-148.6533,0.0,0.0,0.0,0.0
527,28/08/2009,36.1333,-142.15,0.0,0.0,0.0,0.0
528,29/08/2009,35.5483,-139.4417,0.0,0.0,0.0,0.0
529,30/08/2009,34.8083,-136.82,0.0,0.0,0.0,0.0
530,31/08/2009,34.5883,-133.7417,0.0,0.0,0.0,0.0
531,1/9/2009,34.7433,-131.535,0.0,0.0,0.0,0.0
532,2/9/2009,34.6683,-129.1617,0.0,0.0,0.0,0.0
533,2/8/2010,31.6442,-158.0152,0.0,0.0,0.0,0.0
534,3/8/2010,33.1199,-158.1481,0.0,0.0,0.0,0.0
535,3/8/2010,33.6833,-158.05,0.0,0.0,0.0,0.0
536,3/8/2010,34.05,-157.9833,0.0,0.0,0.0,0.0
537,4/8/2010,35.5667,-157.5833,0.0,0.0,0.0,0.0
538,1/8/2010,35.4167,-157.4,0.0,0.0,0.0,0.0
539,5/8/2010,34.4279,-155.8867,0.0,0.0,0.0,0.0
540,5/8/2010,33.885,-155.53,0.0,0.0,0.0,0.0
541,6/8/2010,33.2667,-154.5,0.0,0.0,0.0,0.0
542,6/8/2010,33.3667,-154.25,0.0,0.0,0.0,0.0
543,7/8/2010,32.3608,-152.7967,0.0,0.0,0.0,0.0
544,8/8/2010,32.3193,-151.3663,0.0,0.0,0.0,0.0
545,9/8/2010,33.8843,-148.678,0.0,0.0,0.0,0.0
546,10/8/2010,34.9017,-147.2349,0.0,0.0,0.0,0.0
547,11/8/2010,35.7317,-146.0215,0.0,0.0,0.0,0.0
548,13/08/2010,35.593,-141.4937,0.0,0.0,0.0,0.0
549,1/8/2010,35.1167,-153.1667,0.0,0.0,0.0,0.0
550,4/8/2010,37.2667,-151.9,0.0,0.0,0.0,0.0
551,5/8/2010,36.9833,-150.8167,0.0,0.0,0.0,0.0
552,6/8/2010,36.9,-149.3,0.0,0.0,0.0,0.0
553,8/8/2010,37.1667,-146.0833,0.0,0.0,0.0,0.0
554,4/8/2010,34.23,-162.1567,0.0,0.0,0.0,0.0
555,8/8/2010,40.1867,-162.3583,0.0,0.0,0.0,0.0
556,7/8/2010,41.8767,-161.3617,0.0,0.0,0.0,0.0
557,10/8/2010,44.1433,-158.7833,0.0,0.0,0.0,0.0
558,27/07/2010,27.2333,-156.2833,0.0,0.0,0.0,0.0
559,28/07/2010,29.05,-155.3667,0.0,0.0,0.0,0.0
560,29/07/2010,30.8,-153.15,0.0,0.0,0.0,0.0
561,30/07/2010,32.7,-151.0167,0.0,0.0,0.0,0.0
562,2/8/2010,37.7667,-144.6333,0.0,0.0,0.0,0.0
563,3/8/2010,38.2167,-142.4833,0.0,0.0,0.0,0.0
564,7/8/2010,33.3667,-154.7333,0.0,0.0,0.0,0.0
565,7/8/2010,33.5167,-154.8833,0.0,0.0,0.0,0.0
566,8/8/2010,35.2167,-153.2667,0.0,0.0,0.0,0.0
567,8/8/2010,35.2167,-153.2667,0.0,0.0,0.0,0.0
568,9/8/2010,36.1,-151.7833,0.0,0.0,0.0,0.0
569,9/8/2010,32.3333,-155.9333,0.0,0.0,0.0,0.0
570,6/8/2010,31.6,-157.4333,0.0,0.0,0.0,0.0
571,9/8/2010,36.2167,-151.5,0.0,0.0,0.0,0.0
572,10/8/2010,37.1833,-148.6,0.0,0.0,0.0,0.0
573,29/07/2010,23.25,-157.9833,0.0,0.0,0.0,0.0
574,31/07/2010,27.1167,-157.0833,0.0,0.0,0.0,0.0
575,8/1/2010,29.65,-156.0833,0.0,0.0,0.0,0.0
576,1/8/2010,29.65,-156.0833,0.0,0.0,0.0,0.0
577,3/8/2010,33.9,-155.0833,0.0,0.0,0.0,0.0
578,3/8/2010,33.9,-155.0833,0.0,0.0,0.0,0.0
579,4/8/2010,35.45,-154.5167,0.0,0.0,0.0,0.0
580,6/8/2010,37.7333,-150.95,0.0,0.0,0.0,0.0
581,9/8/2010,41.4333,-145.0333,0.0,0.0,0.0,0.0
582,10/8/2010,41.9833,-143.2167,0.0,0.0,0.0,0.0
583,27/07/2010,26.3833,-156.9333,0.0,0.0,0.0,0.0
584,28/07/2010,27.8833,-155.5167,0.0,0.0,0.0,0.0
585,29/07/2010,29.55,-153.5667,0.0,0.0,0.0,0.0
586,30/07/2010,31.1167,-151.3333,0.0,0.0,0.0,0.0
587,31/07/2010,32.7,-149.7333,0.0,0.0,0.0,0.0
588,2/8/2010,36.25,-146.9333,0.0,0.0,0.0,0.0
589,3/8/2010,37.6333,-146.0167,0.0,0.0,0.0,0.0
590,4/8/2010,37.8667,-143.3333,0.0,0.0,0.0,0.0
591,5/8/2010,38.0833,-141.0167,0.0,0.0,0.0,0.0
592,6/8/2010,38.1667,-137.6833,0.0,0.0,0.0,0.0
593,7/8/2010,38.3167,-134.7667,0.0,0.0,0.0,0.0
594,8/8/2010,38.15,-132.2,0.0,0.0,0.0,0.0
595,27/07/2010,23.25,-156.8833,0.0,0.0,0.0,0.0
596,28/07/2010,24.5333,-155.1833,0.0,0.0,0.0,0.0
597,29/07/2010,26.1167,-153.3167,0.0,0.0,0.0,0.0
598,30/07/2010,27.8333,-151.3333,0.0,0.0,0.0,0.0
599,31/07/2010,29.9667,-149.95,0.0,0.0,0.0,0.0
600,1/8/2010,32.2667,-148.85,0.0,0.0,0.0,0.0
601,8/8/2010,34.7167,-147.7333,0.0,0.0,0.0,0.0
602,3/8/2010,36.4,-146.3667,0.0,0.0,0.0,0.0
603,4/8/2010,36.7167,-143.9167,0.0,0.0,0.0,0.0
604,5/8/2010,36.75,-141.3,0.0,0.0,0.0,0.0
605,6/8/2010,36.9,-138.7667,0.0,0.0,0.0,0.0
606,7/8/2010,37.3167,-135.8333,0.0,0.0,0.0,0.0
607,2/8/2010,36.55,-148.9833,0.0,0.0,0.0,0.0
608,3/8/2010,36.6333,-146.6167,0.0,0.0,0.0,0.0
609,24/07/2011,24.5333,-157.9667,0.0,0.0,0.0,0.0
610,25/07/2011,28.7167,-156.6833,0.0,0.0,0.0,0.0
611,26/07/2011,31.5667,-153.5833,0.0,0.0,0.0,0.0
612,27/07/2011,34.5833,-151.5167,0.0,0.0,0.0,0.0
613,28/07/2011,37.25,-148.8833,0.0,0.0,0.0,0.0
614,29/07/2011,39.3333,-147.3167,0.0,0.0,0.0,0.0
615,30/07/2011,39.2167,-142.85,0.0,0.0,0.0,0.0
616,31/07/2011,38.8025,-138.6878,0.0,0.0,0.0,0.0
617,1/8/2011,38.85,-134.1,0.0,0.0,0.0,0.0
618,2/8/2011,38.5833,-130.1333,0.0,0.0,0.0,0.0
619,3/8/2011,39.1,-125.3167,0.0,0.0,0.0,0.0
620,27/07/2011,28.265,-157.4175,0.0,0.0,0.0,0.0
621,29/07/2011,33.9758,-156.0402,0.0,0.0,0.0,0.0
622,30/07/2011,36.5049,-155.274,0.0,0.0,0.0,0.0
623,31/07/2011,37.4767,-156.675,0.0,0.0,0.0,0.0
624,1/8/2011,37.5417,-152.4833,0.0,0.0,0.0,0.0
625,1/8/2011,37.5277,-152.2349,0.0,0.0,0.0,0.0
626,3/8/2011,37.2667,-145.2667,0.0,0.0,0.0,0.0
627,7/8/2011,31.1333,-159.5167,0.0,0.0,0.0,0.0
628,8/8/2011,34.1833,-159.1667,0.0,0.0,0.0,0.0
629,9/8/2011,36.1833,-158.2167,0.0,0.0,0.0,0.0
630,29/07/2011,29.8167,-156.9667,0.0,0.0,0.0,0.0
631,29/07/2011,30.9333,-156.5667,0.0,0.0,0.0,0.0
632,30/07/2011,32.9,-155.6667,0.0,0.0,0.0,0.0
633,26/07/2011,32.3833,-154.65,0.0,0.0,0.0,0.0
634,27/07/2011,33.9833,-151.3333,0.0,0.0,0.0,0.0
635,28/07/2011,35.9833,-148.8167,0.0,0.0,0.0,0.0
636,29/07/2011,37.3833,-146.0333,0.0,0.0,0.0,0.0
637,30/07/2011,37.1,-142.0333,0.0,0.0,0.0,0.0
638,28/07/2011,26.0945,-157.3422,0.0,0.0,0.0,0.0
639,5/8/2011,36.3092,-150.9315,0.0,0.0,0.0,0.0
640,6/8/2011,35.775,-149.31,0.0,0.0,0.0,0.0
641,28/07/2011,32.95,-159.55,0.0,0.0,0.0,0.0
642,29/07/2011,38.9667,-161.7833,0.0,0.0,0.0,0.0
643,30/07/2011,40.1167,-162.95,0.0,0.0,0.0,0.0
644,31/07/2011,43.0667,-160.2667,0.0,0.0,0.0,0.0
645,2/8/2011,46.65,-151.7167,0.0,0.0,0.0,0.0
646,30/07/2011,38.0762,-152.3518,0.0,0.0,0.0,0.0
647,29/07/2011,35.7733,-153.6367,0.0,0.0,0.0,0.0
648,31/07/2011,37.8873,-149.5742,0.0,0.0,0.0,0.0
649,2/8/2011,38.0007,-141.9933,0.0,0.0,0.0,0.0
650,3/8/2011,38.1875,-138.8018,0.0,0.0,0.0,0.0
651,5/8/2011,36.6393,-128.1462,0.0,0.0,0.0,0.0
652,6/8/2011,35.7667,-124.5,0.0,0.0,0.0,0.0
653,24/07/2011,24.3667,-156.1667,0.0,0.0,0.0,0.0
654,25/07/2011,27.4833,-154.3,0.0,0.0,0.0,0.0
655,27/07/2011,32.4,-150.9667,0.0,0.0,0.0,0.0
656,29/07/2011,36.55,-146.5,0.0,0.0,0.0,0.0
657,30/07/2011,36.1,-142.9,0.0,0.0,0.0,0.0
658,31/07/2011,35.7,-139.95,0.0,0.0,0.0,0.0
659,1/8/2011,36.0,-136.1,0.0,0.0,0.0,0.0
660,30/07/2011,22.1333,-158.0833,0.0,0.0,0.0,0.0
661,30/07/2011,22.8333,-158.6667,0.0,0.0,0.0,0.0
662,31/07/2011,24.25,-156.7833,0.0,0.0,0.0,0.0
663,1/8/2011,25.5333,-155.5,0.0,0.0,0.0,0.0
664,2/8/2011,26.6333,-154.1667,0.0,0.0,0.0,0.0
665,3/8/2011,30.5,-150.4667,0.0,0.0,0.0,0.0
666,4/8/2011,31.4,-148.1167,0.0,0.0,0.0,0.0
667,6/8/2011,35.1833,-147.7,0.0,0.0,0.0,0.0
668,8/8/2011,33.4167,-144.7667,0.0,0.0,0.0,0.0
669,8/9/2011,33.7167,-139.45,0.0,0.0,0.0,0.0
670,10/8/2011,33.1667,-136.4333,0.0,0.0,0.0,0.0
671,13/08/2011,31.5667,-132.3,0.0,0.0,0.0,0.0
672,14/08/2011,31.5167,-127.8667,0.0,0.0,0.0,0.0
673,16/08/2011,34.1667,-119.8,0.0,0.0,0.0,0.0
674,21/08/2012,31.2552,-158.1222,0.0,0.0,0.0,0.0
675,22/08/2012,31.6334,-156.0684,0.0,0.0,0.0,0.0
676,23/08/2012,33.0571,-153.8981,0.0,0.0,0.0,0.0
677,23/08/2012,32.9783,-154.145,0.0,0.0,0.0,0.0
678,18/08/2012,29.0717,-155.0567,0.0,0.0,0.0,0.0
679,18/08/2012,30.025,-155.03,0.0,0.0,0.0,0.0
680,19/08/2012,30.9867,-154.77,0.0,0.0,0.0,0.0
681,19/08/2012,30.985,-154.235,0.0,0.0,0.0,0.0
682,20/08/2012,30.775,-152.9033,0.0,0.0,0.0,0.0
683,20/08/2012,30.67,-152.4833,0.0,0.0,0.0,0.0
684,21/08/2012,30.6667,-150.885,0.0,0.0,0.0,0.0
685,21/08/2012,30.9017,-150.44,0.0,0.0,0.0,0.0
686,22/08/2012,31.49,-149.2467,0.0,0.0,0.0,0.0
687,22/08/2012,31.9917,-148.9783,0.0,0.0,0.0,0.0
688,23/08/2012,32.8967,-148.0717,0.0,0.0,0.0,0.0
689,23/08/2012,33.2733,-147.61,0.0,0.0,0.0,0.0
690,24/08/2012,34.3983,-146.6683,0.0,0.0,0.0,0.0
691,24/08/2012,34.765,-146.3617,0.0,0.0,0.0,0.0
692,25/08/2012,35.225,-144.7883,0.0,0.0,0.0,0.0
693,25/08/2012,35.3033,-144.2033,0.0,0.0,0.0,0.0
694,26/08/2012,35.6,-142.135,0.0,0.0,0.0,0.0
695,26/08/2012,35.4817,-141.5217,0.0,0.0,0.0,0.0
696,27/08/2012,35.4183,-139.385,0.0,0.0,0.0,0.0
697,27/08/2012,35.46,-138.7833,0.0,0.0,0.0,0.0
698,8/8/2012,30.25,-156.6,0.0,0.0,0.0,0.0
699,8/8/2012,30.5063,-156.3167,0.0,0.0,0.0,0.0
700,9/8/2012,32.0333,-154.3833,0.0,0.0,0.0,0.0
701,10/8/2012,33.05,-151.5667,0.0,0.0,0.0,0.0
702,11/8/2012,34.2513,-149.004,0.0,0.0,0.0,0.0
703,12/8/2012,35.6333,-146.8333,0.0,0.0,0.0,0.0
704,13/08/2012,36.7833,-144.8167,0.0,0.0,0.0,0.0
705,14/08/2012,38.5667,-142.1833,0.0,0.0,0.0,0.0
706,2/8/2012,21.9037,-157.7995,0.0,0.0,0.0,0.0
707,6/8/2012,24.9106,-157.4276,0.0,0.0,0.0,0.0
708,6/8/2012,24.0219,-157.6883,0.0,0.0,0.0,0.0
709,7/8/2012,27.7333,-157.1167,0.0,0.0,0.0,0.0
710,7/8/2012,26.8867,-157.1617,0.0,0.0,0.0,0.0
711,8/8/2012,30.4,-157.0833,0.0,0.0,0.0,0.0
712,9/8/2012,29.6667,-157.1333,0.0,0.0,0.0,0.0
713,9/8/2012,32.5083,-156.4917,0.0,0.0,0.0,0.0
714,9/8/2012,31.8833,-156.7667,0.0,0.0,0.0,0.0
715,10/8/2012,33.7975,-155.5469,0.0,0.0,0.0,0.0
716,10/8/2012,34.312,-155.3343,0.0,0.0,0.0,0.0
717,11/8/2012,35.6339,-154.1437,0.0,0.0,0.0,0.0
718,12/8/2012,36.1852,-153.2645,0.0,0.0,0.0,0.0
719,12/8/2012,37.6891,-150.3047,0.0,0.0,0.0,0.0
720,12/8/2012,37.184,-151.1729,0.0,0.0,0.0,0.0
721,13/08/2012,39.7213,-147.5733,0.0,0.0,0.0,0.0
722,13/08/2012,39.156,-148.2517,0.0,0.0,0.0,0.0
723,14/08/2012,41.2205,-146.6097,0.0,0.0,0.0,0.0
724,15/08/2012,41.6703,-146.3295,0.0,0.0,0.0,0.0
725,27/05/2013,5.62,83.003,0.0,0.0,0.0,0.0
726,27/05/2013,5.661,83.318,0.0,0.0,0.0,0.0
727,28/05/2013,5.898,85.037,0.0,0.0,0.0,0.0
728,29/05/2013,6.188,87.27,0.0,0.0,0.0,0.0
729,29/05/2013,6.17,87.014,0.0,0.0,0.0,0.0
730,28/05/2013,5.95,85.533,0.0,0.0,0.0,0.0
731,28/05/2013,5.922,85.258,0.0,0.0,0.0,0.0
732,30/05/2013,6.448,89.091,0.0,0.0,0.0,0.0
733,29/05/2013,6.198,87.365,0.0,0.0,0.0,0.0
734,1/6/2013,6.49,92.054,0.0,0.0,0.0,0.0
735,31/05/2013,6.613,90.768,0.0,0.0,0.0,0.0
736,31/05/2013,6.63,90.596,0.0,0.0,0.0,0.0
737,1/6/2013,6.506,92.351,0.0,0.0,0.0,0.0
738,1/6/2013,6.497,92.275,0.0,0.0,0.0,0.0
739,2/6/2013,6.658,93.964,0.0,0.0,0.0,0.0
740,2/6/2013,6.628,93.857,0.0,0.0,0.0,0.0
741,20/11/2012,-32.8627,-72.722,0.0,0.0,0.0,0.0
742,20/11/2012,-32.8038,-73.7013,0.0,0.0,0.0,0.0
743,21/11/2012,-32.4972,-77.4481,0.0,0.0,0.0,0.0
744,21/11/2012,-32.3752,-78.5765,0.0,0.0,0.0,0.0
745,21/11/2012,-32.2974,-79.2926,0.0,0.0,0.0,0.0
746,22/11/2012,-31.9064,-82.888,0.0,0.0,0.0,0.0
747,22/11/2012,-31.7669,-84.1668,0.0,0.0,0.0,0.0
748,22/11/2012,-31.6404,-85.3259,0.0,0.0,0.0,0.0
749,23/11/2012,-31.1997,-88.6466,0.0,0.0,0.0,0.0
750,23/11/2012,-31.0447,-89.5242,0.0,0.0,0.0,0.0
751,23/11/2012,-30.8015,-90.898,0.0,0.0,0.0,0.0
752,24/11/2012,-30.0226,-94.4413,0.0,0.0,0.0,0.0
753,24/11/2012,-29.7475,-95.5771,0.0,0.0,0.0,0.0
754,24/11/2012,-29.4875,-96.5755,0.0,0.0,0.0,0.0
755,25/11/2012,-28.5743,-99.8404,0.0,0.0,0.0,0.0
756,25/11/2012,-28.1803,-101.0936,0.0,0.0,0.0,0.0
757,25/11/2012,-27.8516,-102.1355,0.0,0.0,0.0,0.0
758,29/11/2012,-26.484,-105.4256,0.0,0.0,0.0,0.0
759,29/11/2012,-26.6293,-106.5247,0.0,0.0,0.0,0.0
760,4/12/2012,-27.4284,-108.8627,0.0,0.0,0.0,0.0
761,4/12/2012,-27.6904,-107.9983,0.0,0.0,0.0,0.0
762,5/12/2012,-28.7147,-104.5978,0.0,0.0,0.0,0.0
763,5/12/2012,-29.0015,-103.5481,0.0,0.0,0.0,0.0
764,5/12/2012,-29.1871,-102.8011,0.0,0.0,0.0,0.0
765,6/12/2012,-30.0421,-99.3412,0.0,0.0,0.0,0.0
766,6/12/2012,-30.3117,-98.1671,0.0,0.0,0.0,0.0
767,6/12/2012,-30.4833,-97.2965,0.0,0.0,0.0,0.0
768,7/12/2012,-31.0871,-94.2208,0.0,0.0,0.0,0.0
769,7/12/2012,-31.3323,-92.9653,0.0,0.0,0.0,0.0
770,7/12/2012,-31.4549,-92.1651,0.0,0.0,0.0,0.0
771,8/12/2012,-32.0,-88.4874,0.0,0.0,0.0,0.0
772,8/12/2012,-32.1755,-87.2985,0.0,0.0,0.0,0.0
773,8/12/2012,-32.2768,-86.3968,0.0,0.0,0.0,0.0
774,9/12/2012,-32.6918,-82.3284,0.0,0.0,0.0,0.0
775,9/12/2012,-32.8067,-81.1763,0.0,0.0,0.0,0.0
776,9/12/2012,-32.8447,-80.2808,0.0,0.0,0.0,0.0
777,10/12/2012,-32.9806,-77.0656,0.0,0.0,0.0,0.0
778,10/12/2012,-33.035,-75.7826,0.0,0.0,0.0,0.0
779,11/12/2012,-33.0137,-72.0418,0.0,0.0,0.0,0.0
780,14/06/2013,36.0533,-33.9307,10629.07,11337.67,6731.74,28698.479999999996
781,15/06/2013,35.2107,-33.9168,708.6,3897.33,354.3,4960.2300000000005
782,16/06/2013,34.4452,-34.4855,16297.91,34013.02,11691.98,62002.90999999999
783,17/06/2013,33.7943,-35.1402,3543.02,70860.46,5314.53,79718.01000000001
784,17/06/2013,33.4238,-35.0883,0.0,29407.09,3897.33,33304.42
785,18/06/2013,32.6252,-36.4067,9920.46,12400.58,1062.91,23383.95
786,18/06/2013,31.8113,-36.8788,9566.16,3897.33,4960.23,18423.72
787,19/06/2013,30.9254,-37.0622,1771.51,17360.81,4251.63,23383.95
788,19/06/2013,30.0679,-37.1043,6377.44,6377.44,2480.12,15235.0
789,20/06/2013,29.144,-37.2309,2834.42,20549.53,4960.23,28344.179999999997
790,21/06/2013,28.3091,-37.4031,6023.14,6023.14,2834.42,14880.7
791,21/06/2013,27.4098,-37.3969,354.3,9920.46,2834.42,13109.179999999998
792,22/06/2013,26.5065,-37.3597,0.0,8503.26,708.6,9211.86
793,23/06/2013,25.5796,-37.2534,1062.91,6377.44,2125.81,9566.16
794,24/06/2013,26.3333,-37.7217,4605.93,23738.25,6023.14,34367.32
795,24/06/2013,27.1974,-38.1324,72986.27,89638.48,8857.55,171482.3
796,25/06/2013,28.1603,-38.518,41807.67,38973.25,13817.79,94598.70999999999
797,26/06/2013,28.9639,-38.8362,26926.97,48185.11,3188.7,78300.78
798,26/06/2013,29.8048,-39.3083,75112.09,64128.72,10274.77,149515.58
799,27/06/2013,30.6054,-39.6499,6731.74,9566.16,2125.81,18423.71
800,27/06/2013,31.3922,-40.0811,51728.14,30824.3,8857.55,91409.99
801,28/06/2013,32.1936,-40.6542,43224.88,22675.35,5314.53,71214.76
802,28/06/2013,33.0022,-41.2924,99204.64,110188.01,35075.92,244468.57
803,29/06/2013,32.195,-41.6066,60585.69,64837.32,13817.78,139240.79
804,30/06/2013,31.3751,-41.7579,40744.76,48893.72,4605.92,94244.40000000001
805,30/06/2013,30.5189,-42.0936,50310.92,15589.3,50310.92,116211.14
806,1/7/2013,29.695,-42.4807,18423.72,20903.84,22.67,39350.229999999996
807,1/7/2013,28.849,-42.5947,12046.27,15234.99,4605.92,31887.18
808,2/7/2013,28.0164,-42.8324,20903.84,37910.35,6023.14,64837.33
809,3/7/2013,27.1221,-42.9629,8857.55,17715.11,7440.35,34013.01
810,3/7/2013,26.2599,-43.1399,14172.09,43224.88,5314.53,62711.5
811,4/7/2013,26.8508,-43.773,2125.81,17006.51,2480.11,21612.43
812,4/7/2013,27.5769,-44.3386,71569.06,50310.92,28344.18,150224.16
813,5/7/2013,28.33,-44.9782,92118.59,424454.15,36493.13,553065.87
814,6/7/2013,29.0401,-45.484,91055.69,59168.48,10983.37,161207.54
815,6/7/2013,29.7322,-46.0428,46059.29,18778.02,4605.92,69443.23
816,7/7/2013,30.5454,-46.6554,36847.44,98850.34,19132.32,154830.1
817,7/7/2013,31.2709,-47.178,169710.8,74049.18,18778.02,262538.0
818,8/7/2013,32.0609,-47.6879,32595.81,38973.25,7440.34,79009.4
819,9/7/2013,33.1602,-48.2675,0.0,0.0,0.0,0.0
820,10/6/2011,-39.3127,163.5895,0.0,0.0,653.6,653.6
821,10/6/2011,-39.3162,163.5735,0.0,691.85,0.0,691.85
822,10/6/2011,-39.3195,163.5565,0.0,0.0,566.87,566.87
823,11/6/2011,-39.9554,160.4171,0.0,950.5,0.0,950.5
824,11/6/2011,-40.049,160.0994,0.0,2198.21,0.0,2198.21
825,11/6/2011,-40.0599,160.1041,0.0,811.49,405.75,1217.24
826,12/6/2011,-40.6377,155.8846,0.0,1424.67,0.0,1424.67
827,12/6/2011,-40.6433,155.8671,0.0,3254.64,0.0,3254.64
828,12/6/2011,-40.6229,155.9181,0.0,0.0,0.0,0.0
829,13/06/2011,-41.1361,152.2775,0.0,786.09,0.0,786.09
830,13/06/2011,-41.1398,152.2646,0.0,0.0,0.0,0.0
831,13/06/2011,-41.1421,152.2508,905.08,905.08,0.0,1810.16
832,12/8/2011,-43.5753,145.7961,0.0,22973.76,9189.51,32163.269999999997
833,12/8/2011,-43.57,145.7886,0.0,17075.02,12521.68,29596.7
834,12/8/2011,-43.5637,145.7829,0.0,6804.03,2268.01,9072.04
835,13/08/2011,-41.9208,144.5409,0.0,21546.09,2693.26,24239.35
836,13/08/2011,-41.9183,144.539,0.0,3039.49,3039.49,6078.98
837,13/08/2011,-41.9157,144.5373,0.0,0.0,0.0,0.0
838,14/08/2011,-39.0405,142.4134,0.0,1776.62,1776.62,3553.24
839,14/08/2011,-39.0374,142.4005,0.0,1605.87,1605.87,3211.74
840,14/08/2011,-39.0338,142.3859,0.0,1238.32,1238.32,2476.64
841,15/08/2011,-37.8855,139.8236,0.0,932.36,0.0,932.36
842,15/08/2011,-37.8764,139.8181,0.0,837.63,1675.27,2512.9
843,15/08/2011,-37.8677,139.8136,0.0,7789.07,5841.8,13630.869999999999
844,16/08/2011,-36.0524,135.6864,0.0,1044.39,3133.18,4177.57
845,16/08/2011,-36.0455,135.6857,0.0,3069.63,0.0,3069.63
846,16/08/2011,-36.0362,135.6764,0.0,0.0,0.0,0.0
847,17/08/2011,-35.4797,132.1763,0.0,777.52,1555.05,2332.5699999999997
848,17/08/2011,-35.4777,132.1626,0.0,0.0,0.0,0.0
849,17/08/2011,-35.4756,132.1486,0.0,0.0,1380.26,1380.26
850,18/08/2011,-35.0721,127.2582,0.0,0.0,0.0,0.0
851,18/08/2011,-35.0723,127.2351,0.0,0.0,0.0,0.0
852,18/08/2011,-35.0729,127.2253,0.0,0.0,0.0,0.0
853,19/08/2011,-34.6047,121.815,0.0,0.0,0.0,0.0
854,19/08/2011,-34.6069,121.8093,0.0,0.0,1604.59,1604.59
855,19/08/2011,-34.6099,121.797,0.0,0.0,1098.42,1098.42
856,20/08/2011,-35.3157,118.62,0.0,0.0,1541.77,1541.77
857,20/08/2011,-35.3172,118.6137,0.0,0.0,0.0,0.0
858,20/08/2011,-35.3183,118.6074,0.0,0.0,2852.58,2852.58
859,22/08/2011,-33.1157,114.481,0.0,889.38,0.0,889.38
860,22/08/2011,-33.12,114.4594,0.0,0.0,0.0,0.0
861,22/08/2011,-33.1238,114.4373,0.0,0.0,458.37,458.37
862,11/4/2012,-41.8951,148.4559,0.0,708.24,0.0,708.24
863,11/4/2012,-41.8806,148.4923,0.0,2049.64,683.21,2732.85
864,11/4/2012,-41.8728,148.5091,0.0,1570.48,785.24,2355.7200000000003
865,12/4/2012,-39.6546,148.8843,0.0,0.0,0.0,0.0
866,12/4/2012,-39.6467,148.8677,0.0,0.0,0.0,0.0
867,12/4/2012,-39.6342,148.8566,0.0,0.0,0.0,0.0
868,13/04/2012,-37.6376,150.3985,0.0,3184.84,636.97,3821.8100000000004
869,13/04/2012,-37.6223,150.4009,0.0,2649.17,662.29,3311.46
870,13/04/2012,-37.608,150.4028,0.0,709.78,2129.33,2839.1099999999997
871,13/04/2012,-35.4004,150.8417,0.0,5976.81,2390.72,8367.53
872,13/04/2012,-35.3924,150.8461,0.0,17189.68,1145.98,18335.66
873,13/04/2012,-35.3842,150.8507,0.0,4208.68,2104.34,6313.02
874,14/04/2012,-33.8782,152.0069,0.0,1934.83,967.42,2902.25
875,14/04/2012,-33.8716,152.0142,0.0,6139.56,1227.91,7367.47
876,14/04/2012,-33.8659,152.0208,0.0,3858.64,0.0,3858.64
877,15/04/2012,-33.1692,152.6955,0.0,4775.65,1193.91,5969.5599999999995
878,15/04/2012,-33.1646,152.7014,1738.17,17381.7,0.0,19119.870000000003
879,15/04/2012,-33.1609,152.7061,3713.83,27853.71,1856.91,33424.450000000004
880,15/04/2012,-31.0332,153.3714,0.0,976.8,976.8,1953.6
881,15/04/2012,-31.0353,153.3628,0.0,1911.32,1911.32,3822.64
882,15/04/2012,-31.0353,153.3573,0.0,4401.38,0.0,4401.38
883,16/04/2012,-28.3415,153.9219,0.0,9991.34,0.0,9991.34
884,16/04/2012,-28.3396,153.9234,0.0,21041.02,0.0,21041.02
885,16/04/2012,-28.3363,153.9244,0.0,29908.75,2718.98,32627.73
886,17/04/2012,-26.7254,153.3785,0.0,7065.71,0.0,7065.71
887,17/04/2012,-26.7152,153.3799,865.62,3462.48,0.0,4328.1
888,17/04/2012,-26.704,153.3803,0.0,6168.35,0.0,6168.35
889,4/5/2012,-24.9128,155.2055,0.0,743.05,0.0,743.05
890,4/5/2012,-24.9225,155.1969,0.0,0.0,0.0,0.0
891,4/5/2012,-24.9395,155.1771,0.0,0.0,0.0,0.0
892,6/5/2012,-23.8691,162.3485,0.0,4862.96,972.59,5835.55
893,6/5/2012,-23.8667,162.3655,0.0,6998.85,699.88,7698.7300000000005
894,6/5/2012,-23.8643,162.3813,629.74,8186.56,1259.47,10075.77
895,7/5/2012,-23.212,166.6269,0.0,615.95,0.0,615.95
896,7/5/2012,-23.2089,166.6428,0.0,0.0,0.0,0.0
897,7/5/2012,-23.2058,166.6593,0.0,0.0,0.0,0.0
898,8/5/2012,-21.7654,170.6294,0.0,624.34,624.34,1248.68
899,8/5/2012,-21.7565,170.6449,551.22,5512.17,2756.09,8819.48
900,8/5/2012,-21.7469,170.6615,0.0,1667.23,4445.96,6113.1900000000005
901,7/6/2012,-18.5685,176.5024,828.74,31492.07,16574.77,48895.58
902,7/6/2012,-18.5777,176.4901,0.0,5501.14,2357.63,7858.77
903,7/6/2012,-18.5851,176.4799,0.0,2504.46,834.82,3339.28
904,7/6/2012,-19.9823,174.9867,0.0,7422.71,2226.81,9649.52
905,7/6/2012,-19.9931,174.9779,0.0,6768.23,752.03,7520.259999999999
906,7/6/2012,-20.0037,174.9692,0.0,3789.59,0.0,3789.59
907,8/6/2012,-21.2832,173.5759,0.0,946.73,0.0,946.73
908,8/6/2012,-21.2887,173.5634,0.0,802.09,0.0,802.09
909,8/6/2012,-21.2977,173.5556,0.0,1311.36,0.0,1311.36
910,8/6/2012,-22.5974,172.1044,0.0,1287.82,1287.82,2575.64
911,8/6/2012,-22.6026,172.0898,0.0,729.39,2188.17,2917.56
912,8/6/2012,-22.6078,172.0762,0.0,2805.71,701.43,3507.14
913,9/6/2012,-23.7533,170.5329,0.0,0.0,0.0,0.0
914,9/6/2012,-23.7615,170.5216,0.0,0.0,0.0,0.0
915,9/6/2012,-23.7698,170.5103,0.0,0.0,0.0,0.0
916,9/6/2012,-25.0757,168.7064,0.0,706.36,1412.72,2119.08
917,9/6/2012,-25.0842,168.6944,0.0,0.0,0.0,0.0
918,9/6/2012,-25.0929,168.6825,0.0,0.0,0.0,0.0
919,10/6/2012,-26.289,167.0086,0.0,711.53,711.53,1423.06
920,10/6/2012,-26.2961,166.9962,0.0,0.0,764.53,764.53
921,10/6/2012,-26.3028,166.9834,0.0,729.64,0.0,729.64
922,10/6/2012,-27.5323,165.1923,0.0,711.66,0.0,711.66
923,10/6/2012,-27.5442,165.1843,0.0,703.91,1407.82,2111.73
924,10/6/2012,-27.5561,165.1763,0.0,0.0,697.16,697.16
925,15/06/2012,-35.649,155.0695,0.0,652.38,0.0,652.38
926,15/06/2012,-35.6615,155.0586,0.0,0.0,0.0,0.0
927,15/06/2012,-35.6732,155.0482,0.0,0.0,0.0,0.0
928,15/06/2012,-37.3779,153.5364,0.0,3595.34,0.0,3595.34
929,15/06/2012,-37.3894,153.526,688.91,6889.05,2066.72,9644.68
930,15/06/2012,-37.4107,153.5144,927.72,6494.05,927.72,8349.49
931,16/06/2012,-42.286,148.9709,0.0,4592.44,918.49,5510.929999999999
932,16/06/2012,-42.2972,148.9603,0.0,922.26,922.26,1844.52
933,16/06/2012,-42.3087,148.9488,0.0,0.0,0.0,0.0
934,17/06/2012,-42.8277,148.448,0.0,825.84,825.84,1651.68
935,17/06/2012,-42.8371,148.4349,0.0,1525.02,1525.02,3050.04
936,17/06/2012,-42.8448,148.4211,0.0,2289.16,0.0,2289.16
937,26/07/2012,-16.5692,145.7482,0.0,2056.7,0.0,2056.7
938,26/07/2012,-16.5523,145.7586,1240.89,2895.4,413.63,4549.92
939,26/07/2012,-16.5347,145.7419,0.0,3921.57,0.0,3921.57
940,27/07/2012,-15.0181,145.3881,0.0,2304.1,0.0,2304.1
941,27/07/2012,-14.9985,145.3829,0.0,3879.1,1293.03,5172.13
942,27/07/2012,-14.9792,145.3785,0.0,12070.31,1448.44,13518.75
943,27/07/2012,-13.6473,144.0824,0.0,2398.55,0.0,2398.55
944,27/07/2012,-13.632,144.0713,0.0,478.31,478.31,956.62
945,27/07/2012,-13.6168,144.0593,0.0,1831.89,0.0,1831.89
946,28/07/2012,-12.0222,143.2742,559.89,7278.56,1119.78,8958.230000000001
947,28/07/2012,-12.0031,143.2817,0.0,2870.35,717.59,3587.94
948,28/07/2012,-11.9875,143.2887,940.08,5640.48,0.0,6580.5599999999995
949,28/07/2012,-10.7537,142.3313,0.0,3500.37,437.55,3937.92
950,28/07/2012,-10.7735,142.3012,446.47,0.0,0.0,446.47
951,28/07/2012,-10.7849,142.2847,0.0,921.75,460.87,1382.62
952,29/07/2012,-12.2716,141.6273,0.0,1398.36,1398.36,2796.72
953,29/07/2012,-12.2862,141.6233,0.0,520.09,1040.17,1560.2600000000002
954,29/07/2012,-12.3042,141.6185,0.0,0.0,451.03,451.03
955,30/07/2012,-15.4937,141.0434,0.0,0.0,0.0,0.0
956,30/07/2012,-15.5085,141.0408,0.0,596.86,0.0,596.86
957,30/07/2012,-15.5245,141.0381,0.0,0.0,0.0,0.0
958,30/07/2012,-17.0539,140.7762,0.0,0.0,0.0,0.0
959,30/07/2012,-17.0659,140.7736,0.0,0.0,0.0,0.0
960,30/07/2012,-17.0782,140.7713,0.0,0.0,0.0,0.0
961,17/08/2012,-18.6526,119.489,0.0,1373.47,1373.47,2746.94
962,17/08/2012,-18.6584,119.4751,0.0,557.06,557.06,1114.12
963,17/08/2012,-18.6598,119.4604,0.0,0.0,0.0,0.0
964,17/08/2012,-18.8643,118.6698,0.0,0.0,2488.26,2488.26
965,17/08/2012,-18.8687,118.652,0.0,555.28,555.28,1110.56
966,17/08/2012,-18.8747,118.6334,0.0,0.0,534.66,534.66
967,17/08/2012,-18.9851,118.2031,0.0,2747.18,1648.31,4395.49
968,17/08/2012,-18.99,118.1841,568.01,0.0,1136.03,1704.04
969,17/08/2012,-18.9954,118.1656,0.0,571.98,571.98,1143.96
970,17/08/2012,-19.1099,117.718,0.0,0.0,0.0,0.0
971,17/08/2012,-19.1137,117.6992,0.0,612.5,0.0,612.5
972,17/08/2012,-19.1174,117.6814,0.0,1854.75,0.0,1854.75
973,17/08/2012,-19.43,115.9255,0.0,3401.79,0.0,3401.79
974,17/08/2012,-19.4288,115.9437,0.0,599.91,0.0,599.91
975,17/08/2012,-19.4277,115.961,0.0,3373.57,674.71,4048.28
976,19/08/2012,-20.0612,116.3759,553.48,4427.87,2767.42,7748.77
977,19/08/2012,-20.0659,116.3518,0.0,4154.24,3115.68,7269.92
978,19/08/2012,-20.0718,116.337,2885.34,31161.69,5193.62,39240.65
979,19/08/2012,-20.3179,115.6619,0.0,2598.63,649.66,3248.29
980,19/08/2012,-20.3236,115.6446,0.0,0.0,1244.97,1244.97
981,19/08/2012,-20.3294,115.6287,0.0,0.0,654.31,654.31
982,22/08/2012,-19.7933,115.982,0.0,0.0,1241.92,1241.92
983,22/08/2012,-19.8018,115.9652,0.0,532.35,1597.06,2129.41
984,22/08/2012,-19.8139,115.9477,0.0,0.0,496.65,496.65
985,22/08/2012,-20.3848,115.1297,0.0,0.0,0.0,0.0
986,22/08/2012,-20.3983,115.1164,0.0,0.0,0.0,0.0
987,22/08/2012,-20.4033,115.1027,0.0,1294.44,0.0,1294.44
988,25/08/2012,-21.8401,113.9183,0.0,8113.14,4732.67,12845.810000000001
989,25/08/2012,-21.8302,113.9318,0.0,1288.65,644.33,1932.98
990,25/08/2012,-21.819,113.9455,0.0,3463.93,0.0,3463.93
991,2/9/2013,-21.2024,115.4726,0.0,0.0,587.3,587.3
992,2/9/2013,-21.1987,115.4921,556.04,556.04,0.0,1112.08
993,2/9/2013,-21.1906,115.5098,0.0,556.84,0.0,556.84
994,3/9/2013,-19.9658,117.0945,623.33,623.33,0.0,1246.66
995,3/9/2013,-19.9509,117.1017,0.0,0.0,0.0,0.0
996,3/9/2013,-19.9363,117.1094,0.0,626.67,1880.02,2506.69
997,3/9/2013,-18.7301,118.7413,562.58,2812.92,562.58,3938.08
998,3/9/2013,-18.7177,118.7536,0.0,2485.01,2485.01,4970.02
999,3/9/2013,-18.7053,118.7648,0.0,1263.41,3158.53,4421.9400000000005
1000,4/9/2013,-17.663,120.1319,33316.95,147546.5,39436.39,220299.84000000003
1001,4/9/2013,-17.6541,120.1444,4178.74,47359.03,5571.65,57109.42
1002,4/9/2013,-17.6461,120.1562,0.0,6305.09,1261.02,7566.110000000001
1003,5/9/2013,-15.2109,123.3237,0.0,771.55,1543.11,2314.66
1004,5/9/2013,-15.2024,123.3331,0.0,768.01,0.0,768.01
1005,5/9/2013,-15.1943,123.3441,0.0,0.0,0.0,0.0
1006,5/9/2013,-14.2914,124.7811,0.0,0.0,0.0,0.0
1007,5/9/2013,-14.2834,124.7901,0.0,735.72,0.0,735.72
1008,5/9/2013,-14.275,124.8004,0.0,0.0,783.97,783.97
1009,7/9/2013,-13.7461,127.598,1241.15,620.58,620.58,2482.31
1010,7/9/2013,-13.7412,127.6131,0.0,0.0,0.0,0.0
1011,7/9/2013,-13.7361,127.6277,0.0,0.0,0.0,0.0
1012,7/9/2013,-12.8234,129.3859,0.0,0.0,0.0,0.0
1013,7/9/2013,-12.8191,129.4002,0.0,0.0,0.0,0.0
1014,7/9/2013,-12.8145,129.4155,0.0,0.0,0.0,0.0
1015,8/9/2013,-12.414,130.1598,0.0,0.0,0.0,0.0
1016,8/9/2013,-12.4086,130.1689,0.0,0.0,0.0,0.0
1017,8/9/2013,-12.4039,130.1783,0.0,0.0,0.0,0.0
1018,8/6/2011,-34.4496,172.5043,0.0,0.0,0.0,0.0
1019,8/6/2011,-34.6558,173.9083,0.0,0.0,0.0,0.0
1020,8/6/2011,-34.8568,171.9522,0.0,0.0,0.0,0.0
1021,9/6/2011,-37.3198,168.4993,0.0,0.0,0.0,0.0
1022,9/6/2011,-37.5657,168.1478,0.0,0.0,0.0,0.0
1023,10/6/2011,-38.9872,165.499,0.0,0.0,0.0,0.0
1024,10/6/2011,-39.0537,165.0963,0.0,0.0,0.0,0.0
1025,12/6/2011,-40.3355,157.595,0.0,0.0,0.0,0.0
1026,12/6/2011,-40.473,156.6113,0.0,0.0,0.0,0.0
1027,14/6/2011,-42.2173,150.2536,0.0,0.0,0.0,0.0
1028,13/8/2011,-43.2618,145.2735,0.0,0.0,0.0,0.0
1029,13/8/2011,-42.9225,144.995,0.0,0.0,0.0,0.0
1030,14/8/2011,-40.2843,143.3303,0.0,0.0,0.0,0.0
1031,14/8/2011,-39.6825,143.0513,0.0,0.0,0.0,0.0
1032,16/8/2011,-36.1124,136.3708,0.0,0.0,0.0,0.0
1033,18/8/2011,-35.2483,129.634,0.0,0.0,0.0,0.0
1034,18/8/2011,-35.1658,128.7305,0.0,0.0,0.0,0.0
1035,19/8/2011,-34.8472,124.575,0.0,0.0,0.0,0.0
1036,20/8/2011,-34.8935,120.5352,0.0,0.0,0.0,0.0
1037,20/8/2011,-35.0805,119.6786,0.0,0.0,0.0,0.0
1038,21/8/2011,-35.4067,116.3392,0.0,0.0,0.0,0.0
1039,12/4/2012,-41.1126,148.8108,0.0,0.0,0.0,0.0
1040,13/4/2012,-38.3263,149.7718,0.0,0.0,0.0,0.0
1041,7/6/2012,-17.6009,177.4351,0.0,0.0,0.0,0.0
1042,7/6/2012,-17.9528,177.1627,0.0,0.0,0.0,0.0
1043,7/6/2012,-18.2483,176.8459,0.0,0.0,0.0,0.0
1044,8/6/2012,-20.6834,174.2265,0.0,0.0,0.0,0.0
1045,9/6/2012,-23.2345,171.2442,0.0,0.0,0.0,0.0
1046,9/6/2012,-23.5707,170.7835,0.0,0.0,0.0,0.0
1047,15/6/12,-36.4095,154.3994,0.0,0.0,0.0,0.0
1048,17/6/12,-42.7485,148.5285,0.0,0.0,0.0,0.0
1049,2/9/2013,-21.1825,115.5248,0.0,0.0,0.0,0.0
1050,3/9/2013,-19.9238,117.1168,0.0,0.0,0.0,0.0
1051,20/05/2008,42.9905,6.4062,0.0,0.0,0.0,0.0
1052,20/05/2008,42.9885,6.4672,0.0,0.0,0.0,0.0
1053,20/05/2008,42.9862,6.4991,0.0,0.0,0.0,0.0
1054,20/05/2008,42.9768,6.5611,0.0,0.0,0.0,0.0
1055,20/05/2008,42.9666,6.6219,0.0,0.0,0.0,0.0
1056,20/05/2008,43.1411,6.973,0.0,0.0,0.0,0.0
1057,20/05/2008,43.1783,7.0104,0.0,0.0,0.0,0.0
1058,20/05/2008,43.2166,7.0478,0.0,0.0,0.0,0.0
1059,20/05/2008,43.2553,7.0859,0.0,0.0,0.0,0.0
1060,20/05/2008,43.2941,7.1243,0.0,0.0,0.0,0.0
1061,20/05/2008,43.3317,7.1611,0.0,0.0,0.0,0.0
1062,20/05/2008,43.369,7.1959,0.0,0.0,0.0,0.0
1063,20/05/2008,43.3928,7.1651,0.0,0.0,0.0,0.0
1064,20/05/2008,43.4076,7.0842,0.0,0.0,0.0,0.0
1065,20/05/2008,43.4216,7.0155,0.0,0.0,0.0,0.0
1066,21/05/2008,43.3823,6.9233,0.0,0.0,0.0,0.0
1067,21/05/2008,43.3787,6.9794,0.0,0.0,0.0,0.0
1068,21/05/2008,43.3758,7.0368,0.0,0.0,0.0,0.0
1069,21/05/2008,43.3738,7.0925,0.0,0.0,0.0,0.0
1070,21/05/2008,43.3722,7.1514,0.0,0.0,0.0,0.0
1071,21/05/2008,43.37,7.2031,0.0,0.0,0.0,0.0
1072,21/05/2008,43.3742,7.2676,0.0,0.0,0.0,0.0
1073,21/05/2008,43.3768,7.3375,0.0,0.0,0.0,0.0
1074,21/05/2008,43.3649,7.3069,0.0,0.0,0.0,0.0
1075,21/05/2008,43.3479,7.2387,0.0,0.0,0.0,0.0
1076,21/05/2008,43.3303,7.1696,0.0,0.0,0.0,0.0
1077,21/05/2008,43.3137,7.1019,0.0,0.0,0.0,0.0
1078,21/05/2008,43.2682,6.8859,0.0,0.0,0.0,0.0
1079,21/05/2008,43.3027,6.9248,0.0,0.0,0.0,0.0
1080,21/05/2008,43.3138,6.9668,0.0,0.0,0.0,0.0
1081,21/05/2008,43.3481,6.9982,0.0,0.0,0.0,0.0
1082,21/05/2008,43.3839,7.0298,0.0,0.0,0.0,0.0
1083,22/05/2008,43.6879,7.4692,0.0,0.0,0.0,0.0
1084,22/05/2008,43.6478,7.4976,0.0,0.0,0.0,0.0
1085,22/05/2008,43.5176,7.5261,0.0,0.0,0.0,0.0
1086,22/05/2008,43.504,7.4613,0.0,0.0,0.0,0.0
1087,23/05/2008,43.4819,7.0825,0.0,0.0,0.0,0.0
1088,23/05/2008,43.461,7.1332,0.0,0.0,0.0,0.0
1089,23/05/2008,43.4386,7.1908,0.0,0.0,0.0,0.0
1090,23/05/2008,43.4162,7.2492,0.0,0.0,0.0,0.0
1091,23/05/2008,43.3958,7.305,0.0,0.0,0.0,0.0
1092,23/05/2008,43.3766,7.36,0.0,0.0,0.0,0.0
1093,23/05/2008,43.3579,7.4172,0.0,0.0,0.0,0.0
1094,23/05/2008,43.3265,7.4256,0.0,0.0,0.0,0.0
1095,23/05/2008,43.305,7.376,0.0,0.0,0.0,0.0
1096,23/05/2008,43.2652,7.3481,0.0,0.0,0.0,0.0
1097,23/05/2008,43.2194,7.368,0.0,0.0,0.0,0.0
1098,23/05/2008,43.1742,7.3873,0.0,0.0,0.0,0.0
1099,23/05/2008,43.1289,7.4073,0.0,0.0,0.0,0.0
1100,23/05/2008,43.0842,7.4281,0.0,0.0,0.0,0.0
1101,23/05/2008,43.0392,7.4493,0.0,0.0,0.0,0.0
1102,23/05/2008,42.9986,7.4472,0.0,0.0,0.0,0.0
1103,23/05/2008,42.9712,7.3914,0.0,0.0,0.0,0.0
1104,23/05/2008,42.8987,7.227,0.0,0.0,0.0,0.0
1105,23/05/2008,42.9062,7.1523,0.0,0.0,0.0,0.0
1106,23/05/2008,42.9132,7.0773,0.0,0.0,0.0,0.0
1107,23/05/2008,42.9216,6.9997,0.0,0.0,0.0,0.0
1108,23/05/2008,42.9304,6.9225,0.0,0.0,0.0,0.0
1109,23/05/2008,42.9398,6.8491,0.0,0.0,0.0,0.0
1110,23/05/2008,42.9471,6.7724,0.0,0.0,0.0,0.0
1111,23/05/2008,42.954,6.6971,0.0,0.0,0.0,0.0
1112,23/05/2008,42.9649,6.6231,0.0,0.0,0.0,0.0
1113,30/05/2008,42.9631,6.2806,0.0,0.0,0.0,0.0
1114,30/05/2008,42.9187,6.2976,0.0,0.0,0.0,0.0
1115,30/05/2008,42.8727,6.3134,0.0,0.0,0.0,0.0
1116,30/05/2008,42.8299,6.3317,0.0,0.0,0.0,0.0
1117,30/05/2008,42.7873,6.3521,0.0,0.0,0.0,0.0
1118,30/05/2008,42.7537,6.3406,0.0,0.0,0.0,0.0
1119,30/05/2008,42.7113,6.3663,0.0,0.0,0.0,0.0
1120,30/05/2008,42.7248,6.3048,0.0,0.0,0.0,0.0
1121,30/05/2008,42.7204,6.2448,0.0,0.0,0.0,0.0
1122,30/05/2008,42.7137,6.1843,0.0,0.0,0.0,0.0
1123,30/05/2008,42.7053,6.1234,0.0,0.0,0.0,0.0
1124,30/05/2008,42.7066,6.0727,0.0,0.0,0.0,0.0
1125,30/05/2008,42.7067,6.0662,0.0,0.0,0.0,0.0
1126,30/05/2008,42.7324,6.0058,0.0,0.0,0.0,0.0
1127,30/05/2008,42.7582,5.9445,0.0,0.0,0.0,0.0
1128,30/05/2008,42.8051,5.7427,0.0,0.0,0.0,0.0
1129,30/05/2008,42.7922,5.6725,0.0,0.0,0.0,0.0
1130,30/05/2008,42.7786,5.6068,0.0,0.0,0.0,0.0
1131,30/05/2008,42.7651,5.543,0.0,0.0,0.0,0.0
1132,31/05/2008,42.8378,5.4744,0.0,0.0,0.0,0.0
1133,31/05/2008,42.8405,5.4115,0.0,0.0,0.0,0.0
1134,31/05/2008,42.845,5.3446,0.0,0.0,0.0,0.0
1135,31/05/2008,42.8498,5.2777,0.0,0.0,0.0,0.0
1136,31/05/2008,42.8404,5.2511,0.0,0.0,0.0,0.0
1137,31/05/2008,42.8137,5.2937,0.0,0.0,0.0,0.0
1138,2/6/2008,42.7216,6.6075,0.0,0.0,0.0,0.0
1139,2/6/2008,42.6823,6.6507,0.0,0.0,0.0,0.0
1140,2/6/2008,42.6429,6.6922,0.0,0.0,0.0,0.0
1141,2/6/2008,42.6037,6.7353,0.0,0.0,0.0,0.0
1142,2/6/2008,42.5619,6.7852,0.0,0.0,0.0,0.0
1143,2/6/2008,42.5213,6.8333,0.0,0.0,0.0,0.0
1144,2/6/2008,42.4799,6.8805,0.0,0.0,0.0,0.0
1145,2/6/2008,42.4273,6.8634,0.0,0.0,0.0,0.0
1146,2/6/2008,42.3966,6.9111,0.0,0.0,0.0,0.0
1147,2/6/2008,42.3662,6.9605,0.0,0.0,0.0,0.0
1148,2/6/2008,42.3355,7.0105,0.0,0.0,0.0,0.0
1149,2/6/2008,42.3554,7.0568,0.0,0.0,0.0,0.0
1150,2/6/2008,42.4042,7.0723,0.0,0.0,0.0,0.0
1151,2/6/2008,42.4532,7.088,0.0,0.0,0.0,0.0
1152,2/6/2008,42.4583,7.0912,0.0,0.0,0.0,0.0
1153,2/6/2008,42.5102,7.1122,0.0,0.0,0.0,0.0
1154,2/6/2008,42.563,7.13,0.0,0.0,0.0,0.0
1155,3/6/2008,43.313,7.4368,0.0,0.0,0.0,0.0
1156,3/6/2008,43.335,7.4295,0.0,0.0,0.0,0.0
1157,3/6/2008,43.325,7.4076,0.0,0.0,0.0,0.0
1158,3/6/2008,43.3158,7.3877,0.0,0.0,0.0,0.0
1159,3/6/2008,43.3184,7.3693,0.0,0.0,0.0,0.0
1160,3/6/2008,43.3303,7.3485,0.0,0.0,0.0,0.0
1161,3/6/2008,43.357,7.3208,0.0,0.0,0.0,0.0
1162,3/6/2008,43.3905,7.3559,0.0,0.0,0.0,0.0
1163,3/6/2008,43.4246,7.3911,0.0,0.0,0.0,0.0
1164,3/6/2008,43.4596,7.427,0.0,0.0,0.0,0.0
1165,3/6/2008,43.4948,7.4633,0.0,0.0,0.0,0.0
1166,3/6/2008,43.5311,7.5041,0.0,0.0,0.0,0.0
1167,3/6/2008,43.5649,7.5454,0.0,0.0,0.0,0.0
1168,3/6/2008,43.5359,7.5852,0.0,0.0,0.0,0.0
1169,3/6/2008,43.5018,7.6253,0.0,0.0,0.0,0.0
1170,3/6/2008,43.4995,7.628,0.0,0.0,0.0,0.0
1171,3/6/2008,43.4688,7.6655,0.0,0.0,0.0,0.0
1172,3/6/2008,43.4375,7.7083,0.0,0.0,0.0,0.0
1173,3/6/2008,43.4065,7.7559,0.0,0.0,0.0,0.0
1174,3/6/2008,43.3838,7.7373,0.0,0.0,0.0,0.0
1175,4/6/2008,43.4894,7.2869,0.0,0.0,0.0,0.0
1176,4/6/2008,43.4582,7.332,0.0,0.0,0.0,0.0
1177,4/6/2008,43.2891,7.8605,0.0,0.0,0.0,0.0
1178,4/6/2008,43.3358,7.8405,0.0,0.0,0.0,0.0
1179,4/6/2008,43.3525,7.7999,0.0,0.0,0.0,0.0
1180,4/6/2008,43.3547,7.7943,0.0,0.0,0.0,0.0
1181,4/6/2008,43.3685,7.7312,0.0,0.0,0.0,0.0
1182,4/6/2008,43.3823,7.6682,0.0,0.0,0.0,0.0
1183,4/6/2008,43.3952,7.6086,0.0,0.0,0.0,0.0
1184,5/6/2008,43.2185,7.1313,0.0,0.0,0.0,0.0
1185,5/6/2008,43.1615,7.1207,0.0,0.0,0.0,0.0
1186,5/6/2008,43.106,7.0028,0.0,0.0,0.0,0.0
1187,5/6/2008,43.0875,6.9366,0.0,0.0,0.0,0.0
1188,5/6/2008,43.0845,6.8889,0.0,0.0,0.0,0.0
1189,5/6/2008,43.1203,6.8908,0.0,0.0,0.0,0.0
1190,18/08/2008,42.9556,6.3888,0.0,0.0,0.0,0.0
1191,18/08/2008,42.9199,6.4251,0.0,0.0,0.0,0.0
1192,18/08/2008,42.884,6.4619,0.0,0.0,0.0,0.0
1193,18/08/2008,42.85,6.4991,0.0,0.0,0.0,0.0
1194,18/08/2008,42.8152,6.5385,0.0,0.0,0.0,0.0
1195,18/08/2008,42.7762,6.5795,0.0,0.0,0.0,0.0
1196,18/08/2008,42.7375,6.6205,0.0,0.0,0.0,0.0
1197,18/08/2008,42.7221,6.6282,0.0,0.0,0.0,0.0
1198,18/08/2008,42.6849,6.67,0.0,0.0,0.0,0.0
1199,18/08/2008,42.6479,6.7141,0.0,0.0,0.0,0.0
1200,18/08/2008,42.6082,6.7565,0.0,0.0,0.0,0.0
1201,18/08/2008,42.5664,6.8016,0.0,0.0,0.0,0.0
1202,18/08/2008,42.5223,6.8477,0.0,0.0,0.0,0.0
1203,18/08/2008,42.4768,6.8925,0.0,0.0,0.0,0.0
1204,18/08/2008,42.4308,6.9368,0.0,0.0,0.0,0.0
1205,18/08/2008,42.3846,6.98,0.0,0.0,0.0,0.0
1206,19/08/2008,42.2182,7.1246,0.0,0.0,0.0,0.0
1207,19/08/2008,42.2524,7.1444,0.0,0.0,0.0,0.0
1208,19/08/2008,42.2818,7.1869,0.0,0.0,0.0,0.0
1209,19/08/2008,42.3017,7.2346,0.0,0.0,0.0,0.0
1210,19/08/2008,42.3368,7.2854,0.0,0.0,0.0,0.0
1211,19/08/2008,42.3713,7.3383,0.0,0.0,0.0,0.0
1212,19/08/2008,42.4049,7.3917,0.0,0.0,0.0,0.0
1213,19/08/2008,42.423,7.4204,0.0,0.0,0.0,0.0
1214,19/08/2008,42.4691,7.4467,0.0,0.0,0.0,0.0
1215,19/08/2008,42.5158,7.466,0.0,0.0,0.0,0.0
1216,19/08/2008,42.5602,7.4814,0.0,0.0,0.0,0.0
1217,19/08/2008,42.603,7.4931,0.0,0.0,0.0,0.0
1218,19/08/2008,42.6372,7.4498,0.0,0.0,0.0,0.0
1219,19/08/2008,42.6429,7.4316,0.0,0.0,0.0,0.0
1220,19/08/2008,42.6754,7.3863,0.0,0.0,0.0,0.0
1221,19/08/2008,42.7086,7.3392,0.0,0.0,0.0,0.0
1222,19/08/2008,42.7436,7.2917,0.0,0.0,0.0,0.0
1223,19/08/2008,42.7804,7.241,0.0,0.0,0.0,0.0
1224,19/08/2008,42.8148,7.1937,0.0,0.0,0.0,0.0
1225,19/08/2008,42.8466,7.1547,0.0,0.0,0.0,0.0
1226,19/08/2008,42.9077,7.0176,0.0,0.0,0.0,0.0
1227,19/08/2008,42.9394,6.9721,0.0,0.0,0.0,0.0
1228,19/08/2008,42.9659,6.9785,0.0,0.0,0.0,0.0
1229,21/08/2008,43.4802,7.1488,0.0,0.0,0.0,0.0
1230,21/08/2008,43.4523,7.201,0.0,0.0,0.0,0.0
1231,21/08/2008,43.425,7.2542,0.0,0.0,0.0,0.0
1232,21/08/2008,43.3988,7.3549,0.0,0.0,0.0,0.0
1233,21/08/2008,43.3796,7.3657,0.0,0.0,0.0,0.0
1234,21/08/2008,43.342,7.3973,0.0,0.0,0.0,0.0
1235,21/08/2008,43.3264,7.4084,0.0,0.0,0.0,0.0
1236,21/08/2008,43.2918,7.4489,0.0,0.0,0.0,0.0
1237,21/08/2008,43.2647,7.4782,0.0,0.0,0.0,0.0
1238,21/08/2008,43.2597,7.4842,0.0,0.0,0.0,0.0
1239,21/08/2008,43.2389,7.4307,0.0,0.0,0.0,0.0
1240,21/08/2008,43.2261,7.3283,0.0,0.0,0.0,0.0
1241,21/08/2008,43.2181,7.2641,0.0,0.0,0.0,0.0
1242,21/08/2008,43.1794,7.2457,0.0,0.0,0.0,0.0
1243,21/08/2008,43.1582,7.2406,0.0,0.0,0.0,0.0
1244,21/08/2008,43.1341,7.2481,0.0,0.0,0.0,0.0
1245,21/08/2008,43.1316,7.2457,0.0,0.0,0.0,0.0
1246,21/08/2008,43.1306,7.228,0.0,0.0,0.0,0.0
1247,21/08/2008,43.1002,7.0739,0.0,0.0,0.0,0.0
1248,21/08/2008,43.0876,7.0165,0.0,0.0,0.0,0.0
1249,22/08/2008,43.0004,6.9689,0.0,0.0,0.0,0.0
1250,22/08/2008,42.9756,6.9302,0.0,0.0,0.0,0.0
1251,22/08/2008,42.8281,6.6671,0.0,0.0,0.0,0.0
1252,14/10/2008,42.9601,6.384,0.0,0.0,0.0,0.0
1253,14/10/2008,42.9208,6.4243,0.0,0.0,0.0,0.0
1254,14/10/2008,42.8821,6.4677,0.0,0.0,0.0,0.0
1255,14/10/2008,42.8435,6.5119,0.0,0.0,0.0,0.0
1256,14/10/2008,42.804,6.5548,0.0,0.0,0.0,0.0
1257,14/10/2008,42.7842,6.5759,0.0,0.0,0.0,0.0
1258,14/10/2008,42.7429,6.6197,0.0,0.0,0.0,0.0
1259,14/10/2008,42.6993,6.6661,0.0,0.0,0.0,0.0
1260,14/10/2008,42.6552,6.7107,0.0,0.0,0.0,0.0
1261,14/10/2008,42.6148,6.7523,0.0,0.0,0.0,0.0
1262,14/10/2008,42.5744,6.7945,0.0,0.0,0.0,0.0
1263,14/10/2008,42.5339,6.835,0.0,0.0,0.0,0.0
1264,14/10/2008,42.4471,7.2364,0.0,0.0,0.0,0.0
1265,14/10/2008,42.4875,7.2792,0.0,0.0,0.0,0.0
1266,15/10/2008,42.7759,7.1595,0.0,0.0,0.0,0.0
1267,15/10/2008,42.8276,7.1543,0.0,0.0,0.0,0.0
1268,15/10/2008,42.8792,7.1483,0.0,0.0,0.0,0.0
1269,15/10/2008,42.8982,7.1064,0.0,0.0,0.0,0.0
1270,15/10/2008,42.947,7.1078,0.0,0.0,0.0,0.0
1271,15/10/2008,42.9961,7.1167,0.0,0.0,0.0,0.0
1272,15/10/2008,43.0464,7.1252,0.0,0.0,0.0,0.0
1273,15/10/2008,43.0961,7.134,0.0,0.0,0.0,0.0
1274,15/10/2008,43.1315,7.1728,0.0,0.0,0.0,0.0
1275,15/10/2008,43.1577,7.2286,0.0,0.0,0.0,0.0
1276,15/10/2008,43.1838,7.3055,0.0,0.0,0.0,0.0
1277,15/10/2008,43.2133,7.3607,0.0,0.0,0.0,0.0
1278,15/10/2008,43.249,7.4109,0.0,0.0,0.0,0.0
1279,15/10/2008,43.2844,7.4614,0.0,0.0,0.0,0.0
1280,15/10/2008,43.3148,7.5044,0.0,0.0,0.0,0.0
1281,15/10/2008,43.3169,7.505,0.0,0.0,0.0,0.0
1282,15/10/2008,43.3499,7.4565,0.0,0.0,0.0,0.0
1283,15/10/2008,43.3845,7.4036,0.0,0.0,0.0,0.0
1284,15/10/2008,43.4218,7.3511,0.0,0.0,0.0,0.0
1285,15/10/2008,43.4586,7.2983,0.0,0.0,0.0,0.0
1286,15/10/2008,43.4971,7.2506,0.0,0.0,0.0,0.0
1287,15/10/2008,43.5319,7.2132,0.0,0.0,0.0,0.0
1288,9/9/2008,43.2833,7.2148,0.0,0.0,0.0,0.0
1289,9/9/2008,43.2625,7.2677,0.0,0.0,0.0,0.0
1290,9/9/2008,43.2303,7.312,0.0,0.0,0.0,0.0
1291,9/9/2008,43.2148,7.3189,0.0,0.0,0.0,0.0
1292,9/9/2008,43.1707,7.3485,0.0,0.0,0.0,0.0
1293,9/9/2008,43.1421,7.3691,0.0,0.0,0.0,0.0
1294,9/9/2008,43.0973,7.3991,0.0,0.0,0.0,0.0
1295,9/9/2008,43.0498,7.4336,0.0,0.0,0.0,0.0
1296,9/9/2008,43.0357,7.4455,0.0,0.0,0.0,0.0
1297,9/9/2008,42.9909,7.4775,0.0,0.0,0.0,0.0
1298,9/9/2008,42.9433,7.51,0.0,0.0,0.0,0.0
1299,10/9/2008,42.5077,8.5175,0.0,0.0,0.0,0.0
1300,10/9/2008,42.5503,8.5381,0.0,0.0,0.0,0.0
1301,10/9/2008,42.5954,8.5611,0.0,0.0,0.0,0.0
1302,10/9/2008,42.6254,8.5903,0.0,0.0,0.0,0.0
1303,10/9/2008,42.659,8.622,0.0,0.0,0.0,0.0
1304,10/9/2008,42.6875,8.6559,0.0,0.0,0.0,0.0
1305,10/9/2008,42.7322,8.6562,0.0,0.0,0.0,0.0
1306,10/9/2008,42.7802,8.6577,0.0,0.0,0.0,0.0
1307,10/9/2008,43.1057,8.4006,0.0,0.0,0.0,0.0
1308,10/9/2008,43.1319,8.3614,0.0,0.0,0.0,0.0
1309,11/9/2008,43.1744,8.2867,0.0,0.0,0.0,0.0
1310,11/9/2008,43.1455,8.3267,0.0,0.0,0.0,0.0
1311,11/9/2008,43.1504,8.3234,0.0,0.0,0.0,0.0
1312,11/9/2008,43.1147,8.283,0.0,0.0,0.0,0.0
1313,11/9/2008,43.0845,8.2461,0.0,0.0,0.0,0.0
1314,11/9/2008,43.0778,8.2392,0.0,0.0,0.0,0.0
1315,11/9/2008,43.0451,8.1972,0.0,0.0,0.0,0.0
1316,11/9/2008,43.0126,8.155,0.0,0.0,0.0,0.0
1317,11/9/2008,42.983,8.1088,0.0,0.0,0.0,0.0
1318,11/9/2008,42.9871,8.0514,0.0,0.0,0.0,0.0
1319,11/9/2008,42.9916,8.0362,0.0,0.0,0.0,0.0
1320,11/9/2008,43.0153,7.9722,0.0,0.0,0.0,0.0
1321,11/9/2008,43.0697,7.8547,0.0,0.0,0.0,0.0
1322,11/9/2008,43.0937,7.8108,0.0,0.0,0.0,0.0
1323,11/9/2008,43.1044,7.758,0.0,0.0,0.0,0.0
1324,11/9/2008,43.1074,7.6936,0.0,0.0,0.0,0.0
1325,11/9/2008,43.1117,7.6359,0.0,0.0,0.0,0.0
1326,11/9/2008,43.129,7.6476,0.0,0.0,0.0,0.0
1327,11/9/2008,43.1261,7.5947,0.0,0.0,0.0,0.0
1328,11/9/2008,43.1243,7.5309,0.0,0.0,0.0,0.0
1329,11/9/2008,43.1231,7.4665,0.0,0.0,0.0,0.0
1330,16/09/2008,42.8558,6.78,0.0,0.0,0.0,0.0
1331,16/09/2008,42.8816,6.817,0.0,0.0,0.0,0.0
1332,16/09/2008,42.9027,6.8557,0.0,0.0,0.0,0.0
1333,16/09/2008,42.9213,6.899,0.0,0.0,0.0,0.0
1334,16/09/2008,42.9387,6.9428,0.0,0.0,0.0,0.0
1335,16/09/2008,42.9586,6.9855,0.0,0.0,0.0,0.0
1336,16/09/2008,42.9794,7.0302,0.0,0.0,0.0,0.0
1337,16/09/2008,42.9917,7.0385,0.0,0.0,0.0,0.0
1338,16/09/2008,43.0248,7.0553,0.0,0.0,0.0,0.0
1339,16/09/2008,43.0652,7.0794,0.0,0.0,0.0,0.0
1340,16/09/2008,43.0987,7.1011,0.0,0.0,0.0,0.0
1341,16/09/2008,43.13,7.0893,0.0,0.0,0.0,0.0
1342,16/09/2008,43.166,7.1225,0.0,0.0,0.0,0.0
1343,16/09/2008,43.1929,7.1474,0.0,0.0,0.0,0.0
1344,16/09/2008,43.2291,7.1791,0.0,0.0,0.0,0.0
1345,17/09/2008,42.869,6.8281,0.0,0.0,0.0,0.0
1346,17/09/2008,42.8592,6.7719,0.0,0.0,0.0,0.0
1347,17/09/2008,42.8443,6.7002,0.0,0.0,0.0,0.0
1348,17/09/2008,42.8334,6.6472,0.0,0.0,0.0,0.0
1349,17/09/2008,42.8295,6.6149,0.0,0.0,0.0,0.0
1350,17/09/2008,42.816,6.5505,0.0,0.0,0.0,0.0
1351,17/09/2008,42.8043,6.4864,0.0,0.0,0.0,0.0
1352,17/09/2008,42.8052,6.4729,0.0,0.0,0.0,0.0
1353,17/09/2008,42.7886,6.4135,0.0,0.0,0.0,0.0
1354,17/09/2008,42.7711,6.3518,0.0,0.0,0.0,0.0
1355,17/09/2008,42.7224,6.3477,0.0,0.0,0.0,0.0
1356,17/09/2008,42.7152,6.2861,0.0,0.0,0.0,0.0
1357,17/09/2008,42.7177,6.2346,0.0,0.0,0.0,0.0
1358,17/09/2008,42.7135,6.242,0.0,0.0,0.0,0.0
1359,17/09/2008,42.7124,6.2366,0.0,0.0,0.0,0.0
1360,17/09/2008,42.6689,6.2099,0.0,0.0,0.0,0.0
1361,17/09/2008,42.6242,6.1877,0.0,0.0,0.0,0.0
1362,17/09/2008,42.5771,6.1667,0.0,0.0,0.0,0.0
1363,17/09/2008,42.5308,6.1469,0.0,0.0,0.0,0.0
1364,17/09/2008,42.4889,6.1252,0.0,0.0,0.0,0.0
1365,18/09/2008,42.5075,6.062,0.0,0.0,0.0,0.0
1366,18/09/2008,42.5208,6.0127,0.0,0.0,0.0,0.0
1367,18/09/2008,42.5344,5.9581,0.0,0.0,0.0,0.0
1368,18/09/2008,42.5465,5.9037,0.0,0.0,0.0,0.0
1369,18/09/2008,42.5783,5.8943,0.0,0.0,0.0,0.0
1370,18/09/2008,42.6222,5.9167,0.0,0.0,0.0,0.0
1371,18/09/2008,42.6668,5.9359,0.0,0.0,0.0,0.0
1372,18/09/2008,42.7026,5.9638,0.0,0.0,0.0,0.0
1373,18/09/2008,42.7909,5.97,0.0,0.0,0.0,0.0
1374,18/09/2008,42.7692,6.016,0.0,0.0,0.0,0.0
1375,18/09/2008,42.7445,6.0658,0.0,0.0,0.0,0.0
1376,18/09/2008,42.7228,6.1109,0.0,0.0,0.0,0.0
1377,18/09/2008,42.7162,6.163,0.0,0.0,0.0,0.0
1378,18/09/2008,42.733,6.2193,0.0,0.0,0.0,0.0
1379,18/09/2008,42.7502,6.2723,0.0,0.0,0.0,0.0
1380,18/09/2008,42.8018,6.2844,0.0,0.0,0.0,0.0
1381,18/09/2008,42.7869,6.3252,0.0,0.0,0.0,0.0
1382,18/09/2008,42.7834,6.3352,0.0,0.0,0.0,0.0
1383,18/09/2008,42.7869,6.3608,0.0,0.0,0.0,0.0
1384,18/09/2008,42.7962,6.3984,0.0,0.0,0.0,0.0
1385,18/09/2008,42.8002,6.4467,0.0,0.0,0.0,0.0
1386,22/09/2008,42.9567,6.3819,0.0,0.0,0.0,0.0
1387,22/09/2008,42.9189,6.4214,0.0,0.0,0.0,0.0
1388,22/09/2008,42.8812,6.4591,0.0,0.0,0.0,0.0
1389,22/09/2008,42.8458,6.4975,0.0,0.0,0.0,0.0
1390,22/09/2008,42.8094,6.5434,0.0,0.0,0.0,0.0
1391,22/09/2008,42.7707,6.589,0.0,0.0,0.0,0.0
1392,22/09/2008,42.7301,6.6333,0.0,0.0,0.0,0.0
1393,22/09/2008,42.6914,6.6768,0.0,0.0,0.0,0.0
1394,22/09/2008,42.6435,6.7765,0.0,0.0,0.0,0.0
1395,22/09/2008,42.5963,6.814,0.0,0.0,0.0,0.0
1396,22/09/2008,42.3706,7.0491,0.0,0.0,0.0,0.0
1397,22/09/2008,42.3308,7.0804,0.0,0.0,0.0,0.0
1398,23/09/2008,42.7634,5.9933,0.0,0.0,0.0,0.0
1399,23/09/2008,42.7725,5.9231,0.0,0.0,0.0,0.0
1400,23/09/2008,42.781,5.8522,0.0,0.0,0.0,0.0
1401,24/09/2008,43.0688,5.6485,0.0,0.0,0.0,0.0
1402,24/09/2008,43.059,5.5825,0.0,0.0,0.0,0.0
1403,24/09/2008,43.048,5.5169,0.0,0.0,0.0,0.0
1404,24/09/2008,43.0366,5.4497,0.0,0.0,0.0,0.0
1405,24/09/2008,42.8503,5.0289,0.0,0.0,0.0,0.0
1406,24/09/2008,42.8129,4.9912,0.0,0.0,0.0,0.0
1407,24/09/2008,42.7914,4.9692,0.0,0.0,0.0,0.0
1408,24/09/2008,42.787,4.9657,0.0,0.0,0.0,0.0
1409,24/09/2008,42.765,4.9641,0.0,0.0,0.0,0.0
1410,24/09/2008,42.7168,4.9599,0.0,0.0,0.0,0.0
1411,24/09/2008,42.6713,4.9571,0.0,0.0,0.0,0.0
1412,24/09/2008,42.6302,4.9825,0.0,0.0,0.0,0.0
1413,24/09/2008,42.5913,5.021,0.0,0.0,0.0,0.0
1414,24/09/2008,42.551,5.0521,0.0,0.0,0.0,0.0
1415,24/09/2008,42.5108,5.0858,0.0,0.0,0.0,0.0
1416,25/09/2008,42.8956,5.7201,0.0,0.0,0.0,0.0
1417,25/09/2008,42.8864,5.7795,0.0,0.0,0.0,0.0
1418,25/09/2008,42.8828,5.8034,0.0,0.0,0.0,0.0
1419,25/09/2008,42.9181,5.8333,0.0,0.0,0.0,0.0
1420,25/09/2008,42.9479,5.8634,0.0,0.0,0.0,0.0
1421,25/09/2008,42.953,5.8608,0.0,0.0,0.0,0.0
1422,25/09/2008,42.9344,5.8998,0.0,0.0,0.0,0.0
1423,25/09/2008,42.9151,5.9431,0.0,0.0,0.0,0.0
1424,25/09/2008,42.8977,5.9898,0.0,0.0,0.0,0.0
1425,5/9/2013,-33.9137,18.3237,0.0,0.0,103.8,103.8
1426,6/9/2013,-34.4994,16.8796,0.0,0.0,0.8,0.8
1427,7/9/2013,-34.4998,13.7682,0.0,0.0,0.7,0.7
1428,8/9/2013,-34.4998,12.6294,0.0,0.0,2.4,2.4
1429,9/9/2013,-34.4999,8.1273,0.0,0.0,1.3,1.3
1430,10/9/2013,-34.4999,3.3942,0.0,0.0,6.9,6.9
1431,11/9/2013,-34.4999,2.7445,0.0,0.0,0.0,0.0
1432,12/9/2013,-34.646,-0.6988,0.0,0.0,2.9,2.9
1433,13/09/2013,-34.798,-1.4227,0.0,0.0,1.7,1.7
1434,14/09/2013,-34.946,-2.1313,0.0,0.0,1.2,1.2
1435,15/09/2013,-35.0553,-2.6553,0.0,0.0,1.2,1.2
1436,16/09/2013,-35.9387,-6.9181,0.0,0.0,0.7,0.7
1437,17/09/2013,-36.1007,-7.7032,0.0,0.0,0.7,0.7
1438,18/09/2013,-36.2609,-8.4854,0.0,0.0,2.0,2.0
1439,19/09/2013,-37.4225,-12.4576,0.0,0.0,0.0,0.0
1440,20/09/2013,-38.2008,-11.7613,0.0,0.0,0.0,0.0
1441,21/09/2013,-37.044,-12.2405,0.0,0.0,0.8,0.8
1442,22/09/2013,-36.7066,-8.4641,0.0,0.0,0.0,0.0
1443,23/09/2013,-36.6444,-7.7523,0.0,0.0,0.0,0.0
1444,24/09/2013,-36.5823,-7.0399,0.0,0.0,1.9,1.9
1445,25/09/2013,-36.5235,-6.3653,0.0,0.0,2.1,2.1
1446,26/09/2013,-36.4513,-5.5388,0.0,0.0,0.0,0.0
1447,27/09/2013,-36.1431,-2.0179,0.0,0.0,2.3,2.3
1448,28/09/2013,-36.0876,-1.3876,0.0,0.0,0.9,0.9
1449,29/09/2013,-36.0315,-0.7483,0.0,0.0,1.8,1.8
1450,30/09/2013,-35.9556,-0.0578,0.0,0.0,3.9,3.9
1451,1/10/2013,-35.8796,0.6236,0.0,0.0,1.6,1.6
1452,2/10/2013,-35.2849,5.9134,0.0,0.0,5.1,5.1
1453,3/10/2013,-35.1912,6.7437,0.0,0.0,3.2,3.2
1454,4/10/2013,-35.1145,7.4225,0.0,0.0,4.9,4.9
1455,5/10/2013,-35.0363,8.1136,0.0,0.0,4.6,4.6
1456,6/10/2013,-34.9573,8.7961,0.0,0.0,6.0,6.0
1457,7/10/2013,-34.4273,13.4742,0.0,0.0,0.0,0.0
1458,8/10/2013,-34.3805,14.0599,0.0,0.0,2.6,2.6
1459,9/10/2013,-34.3837,14.4911,0.0,0.0,0.0,0.0
1460,10/10/2013,-34.3871,14.9601,0.0,0.0,0.7,0.7
1461,11/10/2013,-34.3907,15.4412,0.0,0.0,2.6,2.6
1462,12/10/2013,-33.8993,18.2893,0.0,0.0,21.2,21.2
1463,13/10/2013,-34.0001,15.0857,0.0,0.0,0.0,0.0
1464,14/10/2013,-34.6706,14.1648,0.0,0.0,0.0,0.0
1465,15/10/2013,-35.1413,13.8047,0.0,0.0,0.0,0.0
1466,16/10/2013,-37.6615,11.8954,0.0,0.0,0.0,0.0
1467,17/10/2013,-38.516,11.2285,0.0,0.0,1.3,1.3
1468,18/10/2013,-39.1349,10.747,0.0,0.0,0.0,0.0
1469,19/10/2013,-42.421,8.0943,0.0,0.0,0.0,0.0
1470,20/10/2013,-42.9111,7.924,0.0,0.0,0.0,0.0
1471,21/10/2013,-44.7687,6.9207,0.0,0.0,0.0,0.0
1472,22/10/2013,-45.2704,6.4296,0.0,0.0,0.0,0.0
1473,23/10/2013,-45.7947,5.9112,0.0,0.0,0.0,0.0
1474,24/10/2013,-46.0923,5.6149,0.0,0.0,0.0,0.0
1475,25/10/2013,-47.8445,3.8884,0.0,0.0,0.0,0.0
1476,26/10/2013,-48.2773,3.4266,0.0,0.0,0.0,0.0
1477,27/10/2013,-48.6277,3.0318,0.0,0.0,0.0,0.0
1478,28/10/2013,-50.1534,1.3989,0.0,0.0,0.0,0.0
1479,29/10/2013,-50.677,0.8333,0.0,0.0,0.0,0.0
1480,30/10/2013,-51.1095,0.3423,0.0,0.0,0.0,0.0
1481,31/10/2013,-51.3656,0.0216,0.0,0.0,0.0,0.0
1482,1/11/2013,-54.0649,0.0003,0.0,0.0,0.0,0.0
1483,2/11/2013,-54.8832,0.0032,0.0,0.0,0.0,0.0
1484,3/11/2013,-57.7333,0.0024,0.0,0.0,0.0,0.0
1485,4/11/2013,-58.7641,0.0015,0.0,0.0,0.0,0.0
1486,5/11/2013,-59.4802,0.0118,0.0,0.0,0.0,0.0
1487,6/11/2013,-62.0155,0.005,0.0,0.0,0.0,0.0
1488,7/11/2013,-63.101,0.0002,0.0,0.0,0.0,0.0
1489,27/05/2013,5.6347,83.1362,1817.53,0.0,0.0,1817.53
1490,27/05/2013,5.7087,83.7122,1924.17,641.39,0.0,2565.56
1491,28/05/2013,5.8953,85.0038,0.0,656.04,0.0,656.04
1492,28/05/2013,5.9693,85.7022,604.01,1510.01,0.0,2114.02
1493,29/05/2013,6.1637,86.9385,240.1,240.1,0.0,480.2
1494,29/05/2013,6.2427,87.6247,436.84,218.42,0.0,655.26
1495,30/05/2013,6.4225,88.7502,289.07,578.15,0.0,867.22
1496,30/05/2013,6.4692,89.3732,555.25,277.63,0.0,832.88
1497,31/05/2013,6.6318,90.5578,871.95,290.65,0.0,1162.6
1498,31/05/2013,6.5213,91.1412,599.53,3597.19,0.0,4196.72
1499,1/6/2013,6.4847,92.2643,16339.26,13530.95,510.6,30380.809999999998
1500,1/6/2013,6.4857,92.897,7064.18,6843.42,441.51,14349.11
1501,2/6/2013,6.5455,93.681,5112.19,340.81,0.0,5453.0
1502,2/6/2013,6.6995,94.1268,773.41,1031.21,0.0,1804.62
1503,3/6/2013,6.854,94.8588,13494.21,1840.12,0.0,15334.329999999998
1504,3/6/2013,6.9277,95.3367,1628.84,814.42,0.0,2443.2599999999998
1505,4/6/2013,7.0105,96.298,1044.91,1253.89,0.0,2298.8
1506,4/6/2013,7.2808,96.8997,750.68,2815.04,0.0,3565.72
1507,5/24/2012,2.3037,101.8536,0.0,0.0,2146.0,2146.0
1508,5/24/2012,2.4215,101.694,0.0,0.0,4390.5,4390.5
1509,5/24/2012,2.6484,101.3775,0.0,0.0,2324.3,2324.3
1510,5/24/2012,2.8568,100.9803,0.0,0.0,1200.7,1200.7
1511,5/24/2012,3.1583,100.6398,0.0,0.0,236.3,236.3
1512,5/24/2012,3.4716,100.2591,0.0,0.0,93.3,93.3
1513,5/25/2012,5.5069,97.476,0.0,0.0,108.1,108.1
1514,5/25/2012,5.6427,97.027,0.0,0.0,110.4,110.4
1515,5/25/2012,5.7739,96.5858,0.0,0.0,135.4,135.4
1516,5/25/2012,5.9026,96.1541,0.0,0.0,78.4,78.4
1517,5/25/2012,6.0339,95.713,0.0,0.0,2.3,2.3
1518,5/25/2012,6.1668,95.2768,0.0,0.0,4.9,4.9
1519,5/26/2012,6.9782,92.5532,0.0,0.0,4.1,4.1
1520,5/26/2012,7.1325,92.0312,0.0,0.0,12.6,12.6
1521,5/26/2012,7.2746,91.5464,0.0,0.0,8.4,8.4
1522,5/26/2012,7.4112,91.072,0.0,0.0,3.5,3.5
1523,5/28/2012,8.7437,89.2574,0.0,0.0,2.0,2.0
1524,5/28/2012,9.1083,89.1532,0.0,0.0,11.9,11.9
1525,5/28/2012,9.4996,89.042,0.0,0.0,5.9,5.9
1526,5/28/2012,9.928,88.9212,0.0,0.0,1.6,1.6
1527,5/28/2012,10.3648,88.796,0.0,0.0,1.7,1.7
1528,5/28/2012,10.799,88.6758,0.0,0.0,0.9,0.9
1529,5/29/2012,11.8389,88.5981,0.0,0.0,0.8,0.8
1530,5/29/2012,12.2929,88.7153,0.0,0.0,3.2,3.2
1531,5/29/2012,12.7541,88.7501,0.0,0.0,1.6,1.6
1532,5/30/2012,14.8168,89.0953,0.0,0.0,5.6,5.6
1533,5/30/2012,15.2756,89.1725,0.0,0.0,1.7,1.7
1534,6/1/2012,17.4716,89.5102,0.0,0.0,17.1,17.1
1535,6/1/2012,18.016,89.5479,0.0,0.0,7.2,7.2
1536,6/2/2012,17.9407,89.34,0.0,0.0,30.0,30.0
1537,6/3/2012,18.03,89.6801,0.0,0.0,20.5,20.5
1538,6/3/2012,17.5285,89.6424,0.0,0.0,5.9,5.9
1539,6/5/2012,16.0351,87.959,0.0,0.0,7.0,7.0
1540,6/5/2012,16.4799,87.8248,0.0,0.0,4.1,4.1
1541,6/7/2012,16.0355,87.8699,0.0,0.0,7.4,7.4
1542,6/8/2012,15.8782,88.2682,0.0,0.0,9.6,9.6
1543,6/8/2012,15.5013,88.5533,0.0,0.0,1.6,1.6
1544,6/8/2012,15.1337,88.83,0.0,0.0,6.7,6.7
1545,6/9/2012,12.6874,88.7831,0.0,0.0,1.3,1.3
1546,6/9/2012,12.14,88.7046,0.0,0.0,1.6,1.6
1547,6/10/2012,9.3921,89.0742,0.0,0.0,1.3,1.3
1548,6/10/2012,8.8436,89.2881,0.0,0.0,2.1,2.1
1549,6/11/2012,8.2875,89.3885,0.0,0.0,0.8,0.8
1550,6/11/2012,7.8646,89.5398,0.0,0.0,1.7,1.7
1551,6/11/2012,7.4454,89.6913,0.0,0.0,1.7,1.7
1552,6/11/2012,7.0296,89.8447,0.0,0.0,5.5,5.5
1553,6/11/2012,6.7212,90.0107,0.0,0.0,1.6,1.6
1554,6/12/2012,6.805,91.3838,0.0,0.0,0.8,0.8
1555,6/12/2012,6.7124,91.8258,0.0,0.0,0.0,0.0
1556,6/12/2012,6.628,92.2253,0.0,0.0,11.1,11.1
1557,6/12/2012,6.547,92.624,0.0,0.0,13.9,13.9
1558,6/12/2012,6.461,93.0193,0.0,0.0,24.6,24.6
1559,6/12/2012,6.3811,93.4229,0.0,0.0,12.4,12.4
1560,6/13/2012,5.7471,96.1514,0.0,0.0,435.4,435.4
1561,6/13/2012,5.6364,96.5635,0.0,0.0,61.7,61.7
1562,6/13/2012,5.5288,96.9558,0.0,0.0,215.2,215.2
1563,6/13/2012,5.4201,97.3536,0.0,0.0,297.9,297.9
1564,6/13/2012,5.2349,97.7096,0.0,0.0,280.8,280.8
1565,6/13/2012,5.0015,98.0552,0.0,0.0,165.5,165.5
1566,6/14/2012,3.2874,100.2856,0.0,0.0,94.5,94.5
1567,6/14/2012,3.0186,100.6328,0.0,0.0,11.5,11.5
1568,6/14/2012,2.7963,100.9829,0.0,0.0,41.6,41.6
1569,6/14/2012,2.5986,101.3538,0.0,0.0,83.9,83.9
1570,6/14/2012,2.3564,101.6925,0.0,0.0,328.9,328.9
