Date,Latitude,Longitude,count_1,count_2,count_3
9/1/2010,19.9432,-64.5649,"58,102.96","21,259.89","2,226.17"
9/1/2010,20.2173,-64.3828,"6,639.79","4,031.30","1,067.11"
9/1/2010,20.4521,-64.1968,"15,246.71","12,147.79",991.66
10/1/2010,21.1293,-63.8333,"5,347.35","6,851.29","1,420.39"
10/1/2010,21.4730,-63.5899,"4,090.58","5,317.76",409.06
10/1/2010,21.7367,-63.4227,"44,914.59","46,144.76","33,133.71"
11/1/2010,22.1500,-63.1474,"17,324.82","4,519.52",502.17
11/1/2010,22.8418,-62.7592,"10,467.48","10,329.75",413.19
12/1/2010,24.3576,-62.8129,"7,434.53","9,436.14",190.63
12/1/2010,24.3576,-62.8129,0.00,"1,510.37",704.84
13/01/2010,24.7657,-62.7221,377.59,"1,636.23",377.59
13/01/2010,25.3751,-62.4785,"3,126.56","2,918.12",416.87
13/01/2010,25.5607,-62.4387,"428,395.48","132,757.97","119,370.62"
14/01/2010,26.0914,-61.7168,0.00,"2,111.27",351.88
15/01/2010,29.2490,-62.9857,"4,682.38","14,983.63","1,560.79"
15/01/2010,29.7453,-63.2167,"3,020.74","35,544.01","3,725.58"
16/01/2010,30.5477,-63.7064,"31,985.11","157,152.30","4,991.90"
17/01/2010,31.1813,-64.0147,"1,173.82","10,137.53","1,814.08"
17/01/2010,31.5350,-64.2677,"9,953.75","31,224.77","2,590.70"
18/01/2010,31.9644,-64.5448,"4,082.42","24,984.39","2,776.04"
28/01/2010,32.3200,-64.4322,"6,826.00","37,944.54","4,818.35"
28/01/2010,32.0790,-64.6316,0.00,"52,359.45","3,272.47"
29/01/2010,31.5865,-62.7727,"2,757.70","29,685.78",811.09
29/01/2010,31.2001,-62.0368,0.00,"14,085.83","2,134.22"
30/01/2010,30.8735,-61.3126,"5,454.11","85,973.98","7,032.93"
31/01/2010,30.0730,-58.7081,"3,346.84","40,533.95","5,454.11"
31/01/2010,30.0730,-58.7081,619.79,"2,107.27",371.87
1/2/2010,29.6835,-56.6993,434.88,"4,566.23",543.60
2/2/2010,29.5392,-54.9628,"2,727.05","64,494.84","2,999.76"
2/2/2010,29.2797,-53.6117,"31,002.30","36,799.48","1,638.33"
3/2/2010,28.9070,-51.8931,"2,680.58","27,452.85","1,756.24"
3/2/2010,28.7729,-51.0777,"43,126.42","99,927.07","4,558.08"
3/2/2010,28.5522,-50.1026,"1,431.70","26,997.84","1,636.23"
9/2/2010,35.6729,-35.0237,"3,151.26","8,241.76",0.00
9/2/2010,36.2937,-33.3888,"1,163.54","19,198.46","3,781.52"
28/08/2010,-23.4996,-39.2757,"13,612.36","9,487.40","2,681.22"
29/08/2010,-23.7290,-37.4867,"2,142.69","3,116.63",0.00
29/08/2010,-23.8868,-36.6933,"1,080.87","6,330.82",154.41
30/08/2010,-24.1104,-33.9573,"17,251.58","21,520.02","1,244.96"
31/08/2010,-23.0308,-30.8532,"8,264.64","16,028.40",0.00
1/9/2010,-22.2970,-29.2472,"1,051.23","2,803.27","1,051.23"
2/9/2010,-20.8268,-28.2509,"1,313.45","2,189.08",0.00
2/9/2010,-19.7983,-27.3385,"1,868.85","4,360.64",0.00
3/9/2010,-18.6150,-26.1638,194.67,584.01,0.00
3/9/2010,-17.8870,-25.0860,"1,816.80",0.00,0.00
4/9/2010,-16.9837,-23.7325,"1,968.85","3,281.42",0.00
4/9/2010,-16.2435,-22.5333,"1,006.30",503.15,335.43
5/9/2010,-13.9923,-20.7390,0.00,"4,488.90",320.64
10/11/2010,-26.4261,-41.0363,0.00,"1,973.57",845.81
11/11/2010,-26.3881,-39.9167,363.39,"5,087.42","1,453.55"
11/11/2010,-26.1893,-38.7646,503.15,"2,515.76",503.15
12/11/2010,-26.1310,-37.5873,0.00,"4,862.50",540.28
12/11/2010,-25.9968,-36.4999,"3,400.01","8,985.73",485.72
13/11/2010,-25.8957,-35.3693,"1,962.29","3,270.48",654.10
13/11/2010,-25.8010,-34.2127,0.00,"14,090.91",0.00
14/11/2010,-25.9165,-35.0814,"1,206.33","6,433.74","4,423.19"
14/11/2010,-26.0782,-31.9730,0.00,"8,328.91",0.00
16/11/2010,-26.3129,-31.0914,"1,022.03","7,767.40",817.62
17/11/2010,-26.4893,-30.0290,"2,289.34","9,320.88",654.10
18/11/2010,-26.7957,-29.0970,473.98,"1,895.93",0.00
18/11/2010,-26.6971,-28.0910,137.42,"2,336.06",549.66
19/11/2010,-27.3323,-26.8913,893.57,"3,797.69",446.79
19/11/2010,-27.8835,-25.8982,"1,514.11","3,677.13",216.30
20/11/2010,-28.5773,-24.9763,268.07,"3,216.87",804.22
21/11/2010,-29.5155,-24.6103,545.08,"2,725.40",0.00
23/11/2010,-29.9658,-23.4819,"1,054.99","7,121.21",527.50
23/11/2010,-30.6643,-22.6652,0.00,"2,725.40",817.62
24/11/2010,-31.2527,-21.7331,"3,270.48","11,298.03","1,189.27"
24/11/2010,-31.8705,-20.7480,837.73,"1,809.49",368.60
24/11/2010,-32.5913,-19.9480,"4,769.45","37,474.29","4,769.45"
25/11/2010,-33.4867,-19.0997,"8,687.22","38,325.98","4,088.10"
25/11/2010,-34.0419,-18.1859,817.62,"45,377.96",817.62
26/11/2010,-34.6048,-17.1887,"116,236.40","146,897.18","17,847.32"
26/11/2010,-34.3330,-15.9772,"11,290.95","71,249.82","4,672.12"
27/11/2010,-34.0650,-14.7850,"13,462.04","91,462.67","3,167.54"
27/11/2010,-33.5729,-13.7057,"24,543.49","53,600.73","5,360.07"
27/11/2010,-33.2573,-12.4862,"6,813.51","19,532.05","4,996.57"
27/11/2010,-32.9033,-11.3745,"36,419.37","95,534.88",527.82
28/11/2010,-32.6070,-10.2000,"123,897.43","51,918.92","37,759.22"
28/11/2010,-32.3348,-9.2109,"74,613.49","113,930.77","15,637.56"
29/11/2010,-31.6387,-8.0787,"49,086.98","107,718.66","10,908.22"
29/11/2010,-31.9295,-6.9890,"1,855.89","14,847.09","8,042.17"
30/11/2010,-32.2780,-5.9515,"65,449.31","58,904.38","11,453.63"
30/11/2010,-32.6180,-4.8462,0.00,"55,189.41","3,406.75"
30/11/2010,-32.8350,-3.6837,"1,635.24","3,815.56","8,721.29"
1/12/2010,-33.0430,-2.4258,"47,450.75","83,993.28","6,544.93"
2/12/2010,-33.2157,-1.2692,"3,270.48","57,233.46","8,176.21"
2/12/2010,-33.4173,0.0825,"32,704.83","138,995.54","24,528.63"
2/12/2010,-33.6215,1.0787,"1,090.16","8,721.29","4,905.73"
3/12/2010,-33.8200,2.2640,"29,434.35","63,229.35","8,721.29"
3/12/2010,-34.0253,3.4618,"1,635.24","15,262.26",0.00
4/12/2010,-34.1586,4.8587,0.00,"13,030.83","3,066.08"
4/12/2010,-34.3584,6.2549,"19,089.38","59,995.20","2,727.05"
5/12/2010,-34.3065,7.1063,0.00,"17,442.58",0.00
5/12/2010,-34.0162,9.7782,"2,180.32","4,360.64",0.00
6/12/2010,-33.7817,11.3967,"54,508.06","80,275.50","8,919.50"
15/01/2011,-17.7225,-5.9518,0.00,"8,657.16","1,923.81"
15/01/2011,-19.1813,-5.9712,"1,923.81",961.91,480.95
16/01/2011,-20.8803,-5.9975,0.00,"3,692.48",263.75
17/01/2011,-22.5407,-6.1887,"2,336.06","11,346.57","1,001.17"
17/01/2011,-23.8528,-6.3298,"9,386.58","8,645.54",0.00
17/01/2011,-24.3825,-7.2670,"19,798.89","28,598.40","2,566.52"
18/01/2011,-24.9143,-8.2032,"25,126.88","33,502.51","1,994.20"
18/01/2011,-25.3823,-9.2272,"35,430.24","34,651.55","10,122.92"
18/01/2011,-25.8243,-10.2767,"204,626.19","245,286.25","30,937.00"
19/01/2011,-26.2905,-11.2880,"45,604.35","42,021.15","2,605.96"
19/01/2011,-26.8388,-12.2565,"18,937.54","34,568.53","3,607.15"
20/01/2011,-27.2220,-13.2660,"5,946.33","17,839.00",495.53
20/01/2011,-27.6412,-14.3013,"88,575.59","147,823.48","17,478.13"
20/01/2011,-28.0320,-15.3368,"29,236.14","45,093.03","3,964.22"
21/01/2011,-28.3865,-16.3898,"17,885.46","47,268.70","4,258.44"
21/01/2011,-28.8320,-17.4430,"70,126.71","73,585.88","13,207.72"
22/01/2011,-29.1203,-18.5112,"22,192.57","41,757.06","3,504.09"
22/01/2011,-29.5068,-19.5708,"31,239.29","63,249.91","7,713.40"
22/01/2011,-29.9482,-20.7120,"21,597.53","65,178.27","5,785.05"
23/01/2011,-30.2798,-21.8330,"51,047.23","63,160.13","7,786.87"
23/01/2011,-30.5678,-22.9272,"138,304.02","119,185.53","17,491.39"
23/01/2011,-30.8960,-24.0645,"211,384.90","167,844.93","43,539.97"
24/01/2011,-31.1353,-25.2230,"173,744.43","193,855.26","10,549.95"
24/01/2011,-31.4843,-26.3197,"24,186.85","24,186.85","2,366.11"
25/01/2011,-31.6642,-27.5227,"96,946.47","84,682.16","18,396.47"
25/01/2011,-31.9400,-28.6897,"47,474.76","42,199.79",0.00
26/01/2011,-32.4768,-29.7142,"82,179.24","90,939.46","21,274.83"
26/01/2011,-32.8310,-30.8133,"23,506.60","30,660.78","2,725.40"
27/01/2011,-33.2383,-32.0515,"26,607.32","36,030.75","1,940.12"
27/01/2011,-33.4538,-33.1737,"20,849.33","29,025.54","4,496.91"
27/01/2011,-33.6870,-34.3420,"7,432.92","14,542.66",323.17
28/01/2011,-33.9352,-35.5030,545.08,"2,725.40",272.54
29/01/2011,-34.6837,-36.4507,"15,609.13","52,773.71",0.00
29/01/2011,-34.7650,-37.5982,"7,472.88","11,429.11","5,274.97"
30/01/2011,-34.6662,-38.8243,"38,357.52","52,993.94","10,094.08"
31/01/2011,-34.8070,-40.0783,"90,716.98","36,208.92","9,733.58"
31/01/2011,-34.8687,-41.3467,"85,525.19","177,892.40","10,263.02"
31/01/2011,-34.8428,-42.5657,"3,303.52","8,809.38","1,651.76"
1/2/2011,-34.9098,-43.8572,"4,569.06","8,176.21","1,202.38"
1/2/2011,-35.0820,-45.0112,"29,360.02","24,528.63","3,716.46"
2/2/2011,-34.9393,-46.2998,"6,813.51","5,791.48","1,362.70"
2/2/2011,-35.1497,-47.8308,"16,352.42","39,129.00","2,920.07"
3/2/2011,-34.7158,-49.2130,"4,695.80","10,220.26",828.67
16/09/2007,37.2045,-133.8650,"15,506.45","18,552.36","1,107.60"
16/09/2007,37.1755,-133.9495,"32,472.93","68,218.32","14,348.50"
18/09/2007,38.1515,-137.4531,"118,621.69","97,000.01","14,282.21"
20/09/2007,38.6913,-141.7720,"17,257.50","18,881.74","2,436.35"
20/09/2007,38.6878,-142.0264,"5,100.93","14,353.77","1,660.77"
20/09/2007,38.6410,-142.2665,"9,619.48","12,488.45",928.20
21/09/2007,37.8664,-143.8151,"16,235.81","255,134.23","11,597.01"
22/09/2007,36.6822,-144.8449,"82,044.72","391,763.53","28,202.87"
22/09/2007,36.5084,-145.0356,"20,917.25","107,991.36","7,296.71"
24/09/2007,32.5488,-146.9627,"22,362.54","60,773.50","7,498.03"
24/09/2007,32.5205,-147.2988,"13,741.98","61,151.82","17,177.48"
26/09/2007,31.5611,-152.6133,"5,382.34","29,710.54","6,028.23"
27/09/2007,29.4539,-153.5200,"2,016.65","23,527.53","5,377.72"
10/11/2007,18.8899,-155.6586,0.00,"8,386.43",0.00
10/11/2007,18.9173,-155.7009,418.09,"1,254.26",418.09
10/11/2007,18.9533,-155.7185,721.67,721.67,0.00
10/11/2007,18.1587,-155.9801,"3,741.20","1,360.44",0.00
11/11/2007,19.2407,-155.1751,156.73,"1,097.09",156.73
12/11/2007,19.6952,-154.3368,221.59,"2,437.48","1,107.94"
12/11/2007,19.8499,-154.4350,617.13,"2,879.93",411.42
12/11/2007,19.9206,-154.6866,"1,768.14","4,641.37","1,547.12"
24/11/2007,19.0713,-155.4457,"1,590.78","3,181.56","1,590.78"
24/11/2007,19.0051,-155.5729,"14,048.46","35,369.07","1,983.31"
24/11/2007,19.3403,-156.0870,"26,247.90","24,283.77","1,785.57"
25/11/2007,19.8962,-155.9993,0.00,725.75,0.00
21/01/2008,19.2901,-156.0478,"5,713.83","3,713.99",0.00
23/01/2008,21.6509,-160.5405,"2,149.08","4,298.16","5,730.88"
23/01/2008,21.6499,-160.5483,642.81,"1,285.61",0.00
23/01/2008,22.0117,-160.8771,719.94,"2,639.79",959.92
23/01/2008,22.0984,-160.9692,"3,428.30","20,021.26","1,371.32"
24/01/2008,22.9567,-161.9107,719.94,"3,839.69",359.97
25/01/2008,23.5707,-164.4812,151.33,907.97,605.31
27/01/2008,30.1206,-165.4097,"11,453.63","14,609.22","2,337.48"
27/01/2008,30.9890,-165.4256,"4,850.14","31,374.33","2,121.94"
28/01/2008,32.0113,-165.4000,709.11,"18,358.04","2,994.01"
28/01/2008,32.2366,-165.9140,"9,360.95","32,678.24","2,042.39"
29/01/2008,33.0283,-167.5915,"29,563.75","82,555.38","2,603.10"
29/01/2012,33.0118,-167.9233,"30,557.56","45,116.39","3,519.72"
29/01/2008,33.0136,-168.1356,"14,317.04","27,526.21","5,028.01"
30/01/2008,32.8404,-170.0683,"15,427.34","7,999.36","1,371.32"
30/01/2008,32.5552,-169.6959,"4,249.66","22,873.17","1,624.87"
31/01/2008,32.2592,-167.9920,"12,399.01","121,590.27","10,132.52"
1/2/2008,32.5498,-165.8103,"10,496.48","25,661.63","4,894.06"
1/2/2008,32.4721,-166.1064,0.00,"20,071.12","5,235.94"
2/2/2008,33.2827,-164.9998,287.29,"17,524.54","2,528.13"
3/2/2008,33.7558,-162.7216,"7,270.35","37,593.05","4,433.14"
4/2/2008,33.7601,-160.4152,"21,459.82","65,763.97","11,999.04"
5/2/2008,34.5145,-157.8488,"38,094.85","97,334.87","5,538.02"
6/2/2008,36.1594,-157.5585,"3,183.82","14,725.19","1,790.90"
9/2/2008,35.6912,-147.6655,"54,395.65","136,889.05","14,698.82"
10/2/2008,35.8771,-132.5730,"32,809.88","8,249.34","9,561.74"
14/02/2008,35.7633,-138.5103,"164,899.09","105,488.64","17,386.52"
14/02/2008,35.7626,-138.7748,"59,515.24","175,528.81","10,559.16"
13/02/2008,35.8875,-139.3993,"38,298.82","88,357.71","14,527.14"
13/02/2008,35.9653,-139.8182,"32,801.28","82,038.31","7,936.93"
13/02/2008,36.0408,-140.3313,"357,243.00","235,383.27","61,233.00"
13/02/2008,36.0830,-140.7946,"211,557.29","238,973.39","44,254.33"
12/2/2008,35.8409,-140.8203,"300,585.87","350,139.78","49,024.86"
12/2/2008,35.3814,-141.0245,"391,199.87","254,744.74","41,887.56"
11/2/2008,35.0049,-141.4513,"101,533.05","272,201.75","13,657.73"
11/2/2008,35.9064,-141.7822,"155,566.98","290,785.10","16,380.83"
11/2/2008,34.6790,-142.0756,"159,155.27","149,652.03","16,894.65"
15/06/2009,25.1070,-128.1097,"14,058.05","12,993.04","3,834.01"
15/06/2009,24.2205,-128.3530,"2,491.81","4,600.27",766.71
16/06/2009,23.5677,-130.3722,"4,561.04","7,367.83","2,105.09"
21/06/2009,24.6048,-146.3870,"1,045.21","1,254.26",209.04
21/06/2009,24.5445,-146.4777,"1,983.31","1,873.13",330.55
21/06/2009,24.4147,-146.6687,210.39,"1,262.32",420.77
21/06/2009,24.3578,-146.7665,"20,725.61","7,635.75",0.00
30/06/2009,23.5670,-160.4192,"4,990.27","8,157.17",287.90
3/7/2009,29.3010,-162.0480,"55,398.79","63,140.11","10,160.48"
3/7/2009,29.7710,-162.6273,"32,345.24","50,343.80","11,216.49"
4/7/2009,30.5422,-163.2292,"11,958.37","20,500.05","1,708.34"
4/7/2009,31.3098,-163.9940,"137,693.90","162,773.86","14,359.51"
4/7/2009,31.6068,-164.2543,"25,655.84","67,099.90","6,907.34"
5/7/2009,32.7388,-165.2378,"80,350.71","32,318.84","3,928.26"
7/7/2009,34.3688,-169.1825,"7,522.62","21,453.39","2,089.62"
8/7/2009,34.3877,-170.0190,"57,576.04","71,728.13","10,886.23"
9/7/2009,35.0628,-171.6350,"33,826.40","38,965.56","12,732.84"
9/7/2009,35.0020,-171.7438,"25,474.15","43,091.79","5,713.83"
9/7/2009,34.9987,-171.8237,"23,981.43","30,101.69","4,121.81"
9/7/2009,35.0003,-171.9347,"27,815.96","32,490.91","3,389.34"
10/7/2009,34.5922,-172.9510,"30,274.08","53,083.31","1,382.38"
12/7/2009,34.5387,-176.3967,"18,313.97","94,622.16","18,313.97"
12/7/2009,34.4852,-176.4423,"20,444.61","56,952.85","13,873.13"
12/7/2009,34.4678,-176.4583,"9,799.58","16,985.94","6,533.05"
12/7/2010,34.4452,-176.4782,"44,996.40","78,743.70",937.43
12/7/2009,34.4268,-176.4903,"81,019.16","62,559.10","12,306.71"
14/07/2009,34.0135,-179.9885,"11,051.75","25,261.14",0.00
14/07/2009,34.0515,-179.9942,"74,111.72","280,565.79",0.00
14/07/2009,34.1497,-179.9897,"17,998.56","21,598.27",0.00
14/07/2009,34.1563,-179.9880,"5,454.11","116,354.33","7,726.65"
15/07/2009,34.5053,-179.8580,"1,818.04","10,302.21",606.01
15/07/2009,35.0950,-179.9312,"24,283.77","48,567.54","4,285.37"
15/07/2009,35.3822,-179.8930,"21,628.36","30,467.78","2,068.80"
15/07/2009,35.4108,-179.8732,"15,103.69","15,103.69","3,775.92"
16/07/2009,36.0995,-179.5880,"60,256.05","99,122.50","9,651.40"
16/07/2009,36.4778,-179.3530,"29,997.60","25,712.23","4,285.37"
17/07/2009,37.8532,-179.3768,505.81,"6,912.80","1,180.23"
18/07/2009,39.2955,-179.7523,"11,477.34","2,086.79","2,086.79"
18/07/2009,39.3125,-179.7445,"85,587.56","181,873.56","10,698.44"
19/07/2009,40.3088,-178.9072,"16,455.83","53,481.44","4,113.96"
19/07/2009,40.4920,-178.7088,"13,845.05","31,382.10","2,769.01"
9/9/2009,25.6292,-158.9848,"13,405.52","17,800.77",439.53
11/9/2009,28.0083,-160.3058,"232,634.45","69,048.64","8,770.88"
11/9/2009,26.6528,-160.3025,"206,456.97","44,479.77","8,659.78"
13/09/2009,31.1583,-160.2433,"223,307.20","180,074.92","21,973.43"
13/09/2009,31.1510,-160.1013,"478,350.99","218,841.55","65,028.35"
13/09/2009,31.1502,-159.9790,"155,428.80","91,801.12","10,762.89"
17/09/2009,30.8125,-158.6852,"46,548.00","39,730.36",705.27
17/09/2009,31.3132,-158.7325,0.00,"1,993.75","1,079.95"
18/09/2009,32.0050,-159.0086,"234,356.25","124,115.07","11,624.07"
18/09/2009,32.4983,-159.9200,"62,482.95","63,832.89","5,592.61"
18/09/2009,32.5517,-159.9608,"25,165.27","53,026.82","4,673.55"
19/09/2009,33.1373,-159.2460,"34,033.64","23,998.08","1,963.48"
19/09/2009,33.1848,-159.2290,"24,076.76","25,020.95","4,484.89"
24/09/2009,34.2913,-144.3522,"102,332.95","233,158.60","25,683.56"
24/09/2009,34.3700,-143.7072,"82,359.48","389,901.84","27,118.37"
25/09/2009,34.6675,-142.0818,"43,732.77","217,784.78","10,109.08"
25/09/2009,34.9327,-141.8960,"4,331.36","50,688.63","4,097.23"
26/09/2009,35.0070,-141.4340,"25,281.40","157,078.34","11,870.71"
26/09/2009,35.3843,-141.0217,"12,176.97","80,178.94","7,228.34"
26/09/2009,35.8410,-140.8242,"6,341.89","145,774.85","19,779.61"
27/09/2009,36.0740,-140.8297,"15,049.64","200,119.58","8,541.69"
27/09/2009,36.0405,-140.3197,"19,181.16","326,223.90","10,960.66"
27/09/2009,36.0135,-140.1468,"99,772.24","354,257.37","18,899.59"
27/09/2009,35.9848,-139.9853,"64,136.84","109,045.40","5,302.15"
27/09/2009,35.9262,-139.7735,"20,349.25","73,295.57","8,484.17"
28/09/2009,35.6865,-139.2023,0.00,"39,715.13","3,380.01"
25/09/2009,34.6502,-142.2878,"88,881.78","286,396.84","25,183.17"
11/7/2011,31.5383,-156.8608,"6,798.71","24,281.09","5,827.46"
11/7/2011,32.2027,-156.8332,"6,957.08","21,280.47","5,320.12"
14/07/2011,39.1247,-156.9162,"4,548.72","24,397.70","2,894.64"
14/07/2011,40.2005,-156.7070,"13,470.24","29,695.75","2,755.28"
15/07/2011,41.0398,-156.2367,"16,016.88","66,276.76","3,313.84"
15/07/2011,41.3213,-155.7068,"95,605.29","102,762.91","21,217.22"
15/07/2011,41.3388,-155.7317,"47,068.59","45,234.75",0.00
16/07/2011,41.2838,-154.2545,"83,148.98","123,167.20","11,116.17"
17/07/2011,40.5463,-151.5393,"4,703.68","9,407.35",335.98
17/07/2011,40.5133,-150.1600,"59,575.71","9,637.25",876.11
18/07/2011,40.4037,-148.0525,"62,003.48","31,001.74","1,347.90"
18/07/2011,40.2372,-146.2703,"38,712.74","5,211.33",0.00
19/07/2011,40.0895,-144.4545,"88,723.44","15,046.67",518.85
20/07/2011,40.3673,-140.9322,"53,751.77","9,406.56",0.00
21/07/2011,42.0602,-137.5418,"106,763.07","64,419.75","1,447.63"
22/07/2011,43.6962,-134.5772,"27,369.63","9,519.87",0.00
7/5/2012,14.5523,160.7231,"1,632.46","4,570.90",979.48
8/5/2012,15.2175,159.9003,0.00,"2,772.96",554.59
8/5/2012,15.7937,159.2056,0.00,359.73,"1,438.91"
8/5/2012,16.4507,158.5566,0.00,387.59,0.00
9/5/2012,17.4912,157.5383,647.66,"2,914.45",323.83
9/5/2012,17.9596,157.0780,724.62,"4,710.01",362.31
10/5/2012,32.8112,156.4986,0.00,"1,877.65",0.00
10/5/2012,19.4321,156.1433,573.26,"3,439.56",573.26
11/5/2012,19.6586,155.1127,"2,829.79","3,773.05",0.00
11/5/2012,20.5115,155.1814,"5,557.49","8,027.49",617.50
12/5/2012,21.5837,155.3391,555.18,"1,387.96",0.00
12/5/2012,22.4588,155.2998,"12,957.51","14,701.79","1,245.91"
13/05/2012,23.4111,155.2311,"6,315.32","5,112.40","1,202.92"
13/05/2012,24.2949,155.0853,"3,526.16","11,540.16","1,923.36"
14/05/2012,25.0990,154.1570,"10,862.09","9,296.38",391.43
14/05/2012,25.7062,153.2397,814.51,"3,258.06","1,221.77"
15/05/2012,26.3517,152.2958,"3,400.19","27,201.52","1,360.08"
15/05/2012,27.0833,151.3647,"4,323.51","14,699.93",864.70
16/05/2012,27.8482,150.2578,"36,781.10","275,858.22","12,260.37"
16/05/2012,28.5588,149.3047,"2,689.82","17,483.84",336.23
17/05/2012,29.7272,148.0468,"62,977.87","127,580.97","10,157.72"
14/06/2012,33.2582,151.1831,"20,879.57","29,285.63","2,982.80"
15/06/2012,32.0859,153.1712,"6,919.37","24,632.94",553.55
16/06/2012,31.2728,155.3199,"3,546.62","9,995.02","2,256.94"
17/06/2012,30.7313,157.7742,"2,553.92","11,918.30","4,540.30"
18/06/2012,30.1910,160.4028,"8,654.04","24,725.84",0.00
19/06/2012,30.4448,163.3177,"1,832.98","6,022.66",261.85
20/06/2012,30.4993,166.0763,"9,357.02","15,311.50","1,417.73"
21/06/2012,30.0770,168.1330,"24,616.74","23,406.08",807.11
22/06/2012,29.1979,169.8263,"3,547.73","11,234.48",591.29
23/06/2012,29.4129,172.0143,"6,335.44","11,966.93","1,759.84"
24/06/2012,28.4783,175.3150,"31,770.67","42,236.31","2,242.64"
26/06/2012,30.2817,-176.8333,"14,421.28","17,457.33",759.01
27/06/2012,31.1333,-174.3002,"13,779.54","22,259.26","1,766.61"
28/03/2011,-33.1342,-81.2382,"1,090.16",0.00,0.00
28/03/2011,-33.1071,-82.3870,0.00,0.00,0.00
29/03/2011,-33.0195,-83.4213,0.00,0.00,0.00
29/03/2011,-32.9105,-84.4851,0.00,605.65,0.00
30/03/2011,-32.8038,-86.2393,0.00,817.62,"1,226.43"
30/03/2011,-32.7309,-86.3835,"1,486.58",0.00,371.65
30/03/2011,-32.5685,-87.4243,"1,168.03",0.00,0.00
31/03/2011,-32.3817,-88.1103,355.49,"6,398.77","4,976.82"
31/03/2011,-32.2052,-89.4267,791.25,791.25,395.62
31/03/2011,-31.9780,-90.4108,"1,308.19","3,270.48",327.05
1/4/2011,-31.8065,-91.3445,0.00,"1,533.04",0.00
1/4/2011,-31.5774,-92.3432,"1,226.43","7,767.40",408.81
2/4/2011,-31.3878,-93.3457,371.65,"7,804.56","1,114.94"
2/4/2011,-31.1743,-94.3172,766.52,"1,533.04",255.51
2/4/2011,-30.9504,-95.3477,"1,645.11","3,290.22",658.04
3/4/2011,-30.5732,-96.2025,"1,179.83","5,191.24","1,179.83"
3/4/2011,-30.2413,-97.0948,"8,328.02","22,902.06","1,561.50"
3/4/2011,-29.8994,-97.9295,"11,841.41","41,444.92","2,255.51"
6/4/2011,-29.5605,-98.8063,"2,555.07","18,907.48",511.01
4/4/2011,-29.3441,-99.7966,"24,528.63","33,007.66","18,169.35"
5/4/2011,-29.1922,-100.7390,"7,665.20","56,211.43","3,577.09"
5/4/2011,-29.0453,-101.7302,"244,566.94","109,695.46","42,079.90"
6/4/2011,-28.8929,-102.5777,"50,828.03","53,451.42","8,198.07"
6/4/2011,-28.7311,-103.5486,"8,176.21","24,098.30","2,151.63"
6/4/2011,-28.5805,-104.3963,"23,413.69","55,375.23","4,831.40"
7/4/2011,-28.3300,-105.3310,"8,176.21","32,402.01","3,028.23"
7/4/2011,-28.1885,-106.3073,"2,146.25","11,957.70","1,839.65"
8/4/2011,-27.8781,-107.2460,"1,460.04","3,504.09",292.01
8/4/2011,-27.5502,-108.0495,"17,546.56","73,110.66","3,289.98"
9/4/2011,-27.2818,-108.9362,0.00,"43,497.43","1,635.24"
15/04/2011,-27.0220,-110.9803,634.91,"13,333.07",634.91
15/04/2011,-26.8718,-111.9128,845.81,"9,585.90","1,691.63"
16/04/2011,-26.6982,-112.8710,598.26,"2,193.62",0.00
16/04/2011,-26.6027,-113.8575,0.00,"1,582.49",263.75
16/04/2011,-26.5353,-114.8312,0.00,662.94,441.96
17/04/2011,-26.3318,-115.7358,0.00,0.00,527.50
17/04/2011,-26.2380,-116.6753,"1,409.69","4,511.01",281.94
18/04/2011,-26.1643,-117.5795,0.00,"3,633.87",302.82
18/04/2011,-26.0652,-118.5125,0.00,598.99,0.00
18/04/2011,-26.0422,-119.4320,"3,971.30","7,475.39",700.82
19/04/2011,-25.9512,-120.4278,"2,271.17","4,315.22",908.47
19/04/2011,-25.8596,-121.3422,"1,907.78","2,180.32",0.00
19/04/2011,-25.5538,-122.2008,0.00,"1,886.82",943.41
20/04/2011,-25.2705,-123.2543,480.95,961.91,0.00
20/04/2011,-24.9669,-123.9391,"4,496.91","8,585.02",817.62
20/04/2011,-24.6527,-124.7923,"4,792.95","20,299.55","1,973.57"
21/04/2011,-24.5847,-125.7344,"8,191.38","14,562.45","1,365.23"
21/04/2011,-24.4952,-126.6168,"5,450.81","3,331.05",0.00
19/03/2010,-26.5485,106.8701,"2,803.27","2,102.45",140.16
22/03/2010,-24.3947,99.5107,"1,780.66","4,451.66","1,335.50"
23/03/2010,-24.4876,98.1066,"4,897.21","3,832.60",0.00
22/03/2010,-24.4935,96.4434,"14,358.22","88,542.35","4,786.07"
23/03/2010,-24.0191,94.8233,"4,995.14","9,250.27","2,590.07"
26/03/2010,-21.4145,75.2972,"15,797.43","4,070.08",850.81
31/03/2010,-21.2668,72.1455,"1,282.41","3,373.72",453.78
1/4/2010,-21.0490,68.4367,"11,186.87","15,071.55","4,523.92"
2/4/2010,-20.6787,64.9420,"52,575.00","99,547.74","9,480.74"
3/4/2010,-20.2472,61.6722,"1,039.18","4,429.31","1,294.72"
10/7/2010,43.6823,7.6990,"13,316.44","7,576.13","3,882.21"
10/7/2010,43.7653,8.0349,"20,187.79","11,485.45","5,885.45"
11/7/2010,44.1738,8.9859,"92,122.13","52,411.07","26,856.82"
11/7/2010,44.2934,9.2035,"409,477.27","232,964.00","119,376.91"
12/7/2010,43.8789,9.3394,"113,883.27","64,791.63","33,200.94"
13/07/2010,43.2046,8.9990,"15,454.07","8,792.29","4,505.40"
15/07/2010,42.8895,10.2292,"70,234.88","39,958.75","20,475.92"
15/07/2010,42.8428,10.2831,"479,454.64","272,776.24","139,777.75"
16/07/2010,42.9838,9.3248,"34,209.26","19,462.68","9,973.19"
17/07/2010,42.7337,9.0328,"46,825.15","26,640.25","13,651.17"
21/07/2010,42.8743,8.2616,"84,165.77","47,884.45","24,537.26"
21/07/2010,42.8568,8.3170,"20,315.87","11,558.32","5,922.79"
21/07/2010,42.7962,8.4162,"102,593.36","58,368.46","29,909.54"
21/07/2010,42.7570,8.4698,"16,036.52","9,123.66","4,675.21"
21/07/2010,42.7252,8.5102,"15,672.25","8,916.41","4,569.01"
21/07/2010,42.6938,8.5717,"15,091.79","8,586.18","4,399.78"
21/07/2010,42.6544,8.6121,"51,079.91","29,060.91","14,891.58"
21/07/2010,42.6225,8.6588,"102,740.28","58,452.05","29,952.38"
21/07/2010,42.6043,8.7248,"193,871.49","110,299.35","56,520.30"
22/07/2010,42.8195,8.3553,"16,340.00","9,296.32","4,763.68"
26/07/2010,43.2464,8.0701,"28,442.22","16,181.64","8,291.90"
27/07/2010,43.5498,8.6342,"57,998.75","32,997.24","16,908.66"
27/07/2010,43.4473,8.3581,"29,318.18","16,680.00","8,547.27"
29/07/2010,43.0758,6.3840,"24,346.69","13,851.57","7,097.91"
29/07/2010,43.0032,6.3696,"247,853.67","141,011.45","72,257.99"
30/07/2010,43.0630,5.8787,0.00,0.00,0.00
31/07/2010,43.3181,5.1862,0.00,0.00,0.00
31/07/2010,43.3203,5.1988,0.00,0.00,0.00
31/07/2010,43.3241,5.1659,"6,965.44","3,962.85","2,030.67"
1/8/2010,43.3003,5.2460,0.00,0.00,0.00
1/8/2010,43.2609,4.9354,"6,450.00","3,669.60","1,880.40"
1/8/2010,43.0098,4.3971,"5,077.60","2,888.80","1,480.30"
1/8/2010,42.8136,3.9276,"6,046.12","3,439.82","1,762.65"
2/8/2010,42.5295,3.1341,"6,139.67","3,493.04","1,789.93"
2/8/2010,42.4627,3.3037,"10,883.01","6,191.68","3,172.78"
2/8/2010,42.3302,3.4784,"22,326.06","12,701.97","6,508.83"
2/8/2010,42.2513,3.6462,"68,493.52","38,968.03","19,968.25"
7/8/2010,42.2428,8.5225,"6,506.05","3,701.49","1,896.74"
7/8/2010,42.3235,8.5842,"20,425.00","11,620.40","5,954.60"
7/8/2010,43.5743,7.3930,"27,412.50","15,595.80","7,991.70"
3/1/2011,-60.3388,-60.5325,"36,850.15","3,122.89",0.00
17/01/2011,-63.8753,-56.0937,"12,847.79","26,766.22","3,211.95"
22/01/2011,-63.3871,-56.8010,0.00,"9,389.37",0.00
27/01/2011,-57.7642,-67.0034,0.00,955.79,0.00
21/02/2011,-39.6298,-76.9828,750.64,0.00,0.00
25/02/2011,-34.1697,-73.0895,0.00,406.98,0.00
26/02/2011,-33.6899,-72.0005,0.00,"1,247.51",311.88
7/5/2012,14.5557,160.7487,,,
7/5/2012,14.5557,160.7487,,,
8/5/2012,15.7948,159.2038,,,
8/5/2012,15.7948,159.2038,,,
9/5/2012,17.4933,157.5350,,,
10/5/2012,19.3057,156.2200,,,
12/5/2012,22.0512,155.4182,,,
13/05/2012,23.9013,155.2417,,,
13/05/2012,23.9013,155.2417,,,
14/05/2012,25.1033,154.1482,,,
15/05/2012,26.3580,152.2792,,,
15/05/2012,26.7132,151.7820,,,
16/05/2012,27.7877,150.3495,,,
16/05/2012,27.8875,150.1943,,,
16/05/2012,27.8875,150.1943,,,
17/05/2012,30.0408,147.5900,,,
19/05/2012,32.8888,143.7253,,,
19/05/2012,32.9825,143.4250,,,
19/05/2012,32.9825,143.4250,,,
15/06/2012,32.1600,152.4600,,,
15/06/2012,32.0400,153.1900,,,
15/06/2012,32.0067,153.3833,,,
15/06/2012,32.0400,153.2100,,,
16/06/2012,31.0800,155.3300,,,
16/06/2012,30.5800,156.1100,,,
16/06/2012,31.0500,155.4600,,,
17/06/2012,30.4100,157.5100,,,
17/06/2012,30.4016,158.0191,,,
17/06/2012,30.3900,158.0400,,,
17/06/2012,30.2000,158.4217,,,
18/06/2012,30.1200,158.5500,,,
18/06/2012,30.0962,160.0116,,,
18/06/2012,30.1400,160.5300,,,
18/06/2012,30.1200,160.3900,,,
18/06/2012,30.1916,161.3383,,,
18/06/2012,30.1152,160.3090,,,
19/06/2012,30.2556,163.0435,,,
19/06/2012,30.2800,163.5900,,,
19/06/2012,30.2949,164.2165,,,
20/06/2012,30.3045,166.0915,,,
20/06/2012,30.3397,166.2189,,,
20/06/2012,30.3300,166.2000,,,
20/06/2012,30.4200,166.4600,,,
21/06/2012,29.5845,168.2213,,,
21/06/2012,29.5261,168.3514,,,
22/06/2012,29.1000,170.0300,,,
23/06/2012,28.5500,173.1000,,,
23/06/2012,29.0100,172.4900,,,
23/06/2012,29.1514,172.2652,,,
23/06/2012,29.1100,170.3100,,,
24/06/2012,28.3400,175.1100,,,
24/06/2012,28.2373,175.2428,,,
25/06/2012,29.5100,179.4500,,,
25/06/2012,30.0095,-178.5613,,,
26/06/2012,30.0400,-178.4100,,,
26/06/2012,30.2152,-176.4467,,,
26/06/2012,30.2500,-176.2800,,,
26/06/2012,30.2856,-176.1427,,,
26/06/2012,30.3412,-175.5211,,,
27/06/2012,31.1021,-174.1443,,,
27/06/2012,31.1517,-174.0432,,,
27/06/2012,31.2573,-173.4690,,,
27/06/2012,31.3837,-173.2722,,,
28/06/2012,30.3000,-173.0400,,,
28/06/2012,30.5460,-172.3667,,,
28/06/2012,31.0304,-172.2703,,,
21/05/2009,30.8333,-146.9000,,,
22/05/2009,33.5410,-144.9160,,,
23/05/2009,36.2500,-142.9333,,,
25/05/2009,36.4500,-137.1667,,,
19/07/2009,25.6667,-158.0333,,,
20/07/2009,28.3667,-157.3500,,,
22/07/2009,33.6500,-155.1667,,,
23/07/2009,34.9333,-151.1167,,,
24/07/2009,36.1167,-147.0333,,,
25/07/2009,37.4833,-142.1000,,,
26/07/2009,37.8500,-138.0000,,,
23/07/2009,27.5667,-154.2000,,,
25/07/2009,29.7333,-150.6167,,,
26/07/2009,31.0667,-148.8000,,,
27/07/2009,32.5667,-147.4167,,,
28/07/2009,34.4333,-145.8167,,,
29/07/2009,36.5000,-144.9000,,,
30/07/2009,37.9667,-143.4833,,,
30/07/2009,27.5667,-157.3833,,,
21/07/2009,30.9500,-157.3500,,,
22/07/2009,33.4000,-156.9333,,,
23/07/2009,34.5000,-153.2500,,,
24/07/2009,35.4167,-149.8833,,,
25/07/2009,36.0000,-146.3333,,,
26/07/2009,36.5000,-142.0833,,,
27/07/2009,37.1667,-138.9167,,,
28/07/2009,37.1500,-138.9000,,,
9/8/2009,36.2700,-148.5395,,,
12/8/2009,35.6247,-139.8972,,,
13/08/2009,35.4010,-136.7717,,,
19/08/2009,22.4217,-159.5167,,,
20/08/2009,24.6667,-159.4667,,,
21/08/2009,27.4852,-158.3032,,,
23/08/2009,32.3460,-157.5991,,,
24/08/2009,33.9533,-155.8267,,,
25/08/2009,35.8667,-152.5333,,,
27/08/2009,37.0717,-148.6533,,,
28/08/2009,36.1333,-142.1500,,,
29/08/2009,35.5483,-139.4417,,,
30/08/2009,34.8083,-136.8200,,,
31/08/2009,34.5883,-133.7417,,,
1/9/2009,34.7433,-131.5350,,,
2/9/2009,34.6683,-129.1617,,,
2/8/2010,31.6442,-158.0152,,,
3/8/2010,33.1199,-158.1481,,,
3/8/2010,33.6833,-158.0500,,,
3/8/2010,34.0500,-157.9833,,,
4/8/2010,35.5667,-157.5833,,,
1/8/2010,35.4167,-157.4000,,,
5/8/2010,34.4279,-155.8867,,,
5/8/2010,33.8850,-155.5300,,,
6/8/2010,33.2667,-154.5000,,,
6/8/2010,33.3667,-154.2500,,,
7/8/2010,32.3608,-152.7967,,,
8/8/2010,32.3193,-151.3663,,,
9/8/2010,33.8843,-148.6780,,,
10/8/2010,34.9017,-147.2349,,,
11/8/2010,35.7317,-146.0215,,,
13/08/2010,35.5930,-141.4937,,,
1/8/2010,35.1167,-153.1667,,,
4/8/2010,37.2667,-151.9000,,,
5/8/2010,36.9833,-150.8167,,,
6/8/2010,36.9000,-149.3000,,,
8/8/2010,37.1667,-146.0833,,,
4/8/2010,34.2300,-162.1567,,,
8/8/2010,40.1867,-162.3583,,,
7/8/2010,41.8767,-161.3617,,,
10/8/2010,44.1433,-158.7833,,,
27/07/2010,27.2333,-156.2833,,,
28/07/2010,29.0500,-155.3667,,,
29/07/2010,30.8000,-153.1500,,,
30/07/2010,32.7000,-151.0167,,,
2/8/2010,37.7667,-144.6333,,,
3/8/2010,38.2167,-142.4833,,,
7/8/2010,33.3667,-154.7333,,,
7/8/2010,33.5167,-154.8833,,,
8/8/2010,35.2167,-153.2667,,,
8/8/2010,35.2167,-153.2667,,,
9/8/2010,36.1000,-151.7833,,,
9/8/2010,32.3333,-155.9333,,,
6/8/2010,31.6000,-157.4333,,,
9/8/2010,36.2167,-151.5000,,,
10/8/2010,37.1833,-148.6000,,,
29/07/2010,23.2500,-157.9833,,,
31/07/2010,27.1167,-157.0833,,,
8/1/2010,29.6500,-156.0833,,,
1/8/2010,29.6500,-156.0833,,,
3/8/2010,33.9000,-155.0833,,,
3/8/2010,33.9000,-155.0833,,,
4/8/2010,35.4500,-154.5167,,,
6/8/2010,37.7333,-150.9500,,,
9/8/2010,41.4333,-145.0333,,,
10/8/2010,41.9833,-143.2167,,,
27/07/2010,26.3833,-156.9333,,,
28/07/2010,27.8833,-155.5167,,,
29/07/2010,29.5500,-153.5667,,,
30/07/2010,31.1167,-151.3333,,,
31/07/2010,32.7000,-149.7333,,,
2/8/2010,36.2500,-146.9333,,,
3/8/2010,37.6333,-146.0167,,,
4/8/2010,37.8667,-143.3333,,,
5/8/2010,38.0833,-141.0167,,,
6/8/2010,38.1667,-137.6833,,,
7/8/2010,38.3167,-134.7667,,,
8/8/2010,38.1500,-132.2000,,,
27/07/2010,23.2500,-156.8833,,,
28/07/2010,24.5333,-155.1833,,,
29/07/2010,26.1167,-153.3167,,,
30/07/2010,27.8333,-151.3333,,,
31/07/2010,29.9667,-149.9500,,,
1/8/2010,32.2667,-148.8500,,,
8/8/2010,34.7167,-147.7333,,,
3/8/2010,36.4000,-146.3667,,,
4/8/2010,36.7167,-143.9167,,,
5/8/2010,36.7500,-141.3000,,,
6/8/2010,36.9000,-138.7667,,,
7/8/2010,37.3167,-135.8333,,,
2/8/2010,36.5500,-148.9833,,,
3/8/2010,36.6333,-146.6167,,,
24/07/2011,24.5333,-157.9667,,,
25/07/2011,28.7167,-156.6833,,,
26/07/2011,31.5667,-153.5833,,,
27/07/2011,34.5833,-151.5167,,,
28/07/2011,37.2500,-148.8833,,,
29/07/2011,39.3333,-147.3167,,,
30/07/2011,39.2167,-142.8500,,,
31/07/2011,38.8025,-138.6878,,,
1/8/2011,38.8500,-134.1000,,,
2/8/2011,38.5833,-130.1333,,,
3/8/2011,39.1000,-125.3167,,,
27/07/2011,28.2650,-157.4175,,,
29/07/2011,33.9758,-156.0402,,,
30/07/2011,36.5049,-155.2740,,,
31/07/2011,37.4767,-156.6750,,,
1/8/2011,37.5417,-152.4833,,,
1/8/2011,37.5277,-152.2349,,,
3/8/2011,37.2667,-145.2667,,,
7/8/2011,31.1333,-159.5167,,,
8/8/2011,34.1833,-159.1667,,,
9/8/2011,36.1833,-158.2167,,,
29/07/2011,29.8167,-156.9667,,,
29/07/2011,30.9333,-156.5667,,,
30/07/2011,32.9000,-155.6667,,,
26/07/2011,32.3833,-154.6500,,,
27/07/2011,33.9833,-151.3333,,,
28/07/2011,35.9833,-148.8167,,,
29/07/2011,37.3833,-146.0333,,,
30/07/2011,37.1000,-142.0333,,,
28/07/2011,26.0945,-157.3422,,,
5/8/2011,36.3092,-150.9315,,,
6/8/2011,35.7750,-149.3100,,,
28/07/2011,32.9500,-159.5500,,,
29/07/2011,38.9667,-161.7833,,,
30/07/2011,40.1167,-162.9500,,,
31/07/2011,43.0667,-160.2667,,,
2/8/2011,46.6500,-151.7167,,,
30/07/2011,38.0762,-152.3518,,,
29/07/2011,35.7733,-153.6367,,,
31/07/2011,37.8873,-149.5742,,,
2/8/2011,38.0007,-141.9933,,,
3/8/2011,38.1875,-138.8018,,,
5/8/2011,36.6393,-128.1462,,,
6/8/2011,35.7667,-124.5000,,,
24/07/2011,24.3667,-156.1667,,,
25/07/2011,27.4833,-154.3000,,,
27/07/2011,32.4000,-150.9667,,,
29/07/2011,36.5500,-146.5000,,,
30/07/2011,36.1000,-142.9000,,,
31/07/2011,35.7000,-139.9500,,,
1/8/2011,36.0000,-136.1000,,,
30/07/2011,22.1333,-158.0833,,,
30/07/2011,22.8333,-158.6667,,,
31/07/2011,24.2500,-156.7833,,,
1/8/2011,25.5333,-155.5000,,,
2/8/2011,26.6333,-154.1667,,,
3/8/2011,30.5000,-150.4667,,,
4/8/2011,31.4000,-148.1167,,,
6/8/2011,35.1833,-147.7000,,,
8/8/2011,33.4167,-144.7667,,,
8/9/2011,33.7167,-139.4500,,,
10/8/2011,33.1667,-136.4333,,,
13/08/2011,31.5667,-132.3000,,,
14/08/2011,31.5167,-127.8667,,,
16/08/2011,34.1667,-119.8000,,,
21/08/2012,31.2552,-158.1222,,,
22/08/2012,31.6334,-156.0684,,,
23/08/2012,33.0571,-153.8981,,,
23/08/2012,32.9783,-154.1450,,,
18/08/2012,29.0717,-155.0567,,,
18/08/2012,30.0250,-155.0300,,,
19/08/2012,30.9867,-154.7700,,,
19/08/2012,30.9850,-154.2350,,,
20/08/2012,30.7750,-152.9033,,,
20/08/2012,30.6700,-152.4833,,,
21/08/2012,30.6667,-150.8850,,,
21/08/2012,30.9017,-150.4400,,,
22/08/2012,31.4900,-149.2467,,,
22/08/2012,31.9917,-148.9783,,,
23/08/2012,32.8967,-148.0717,,,
23/08/2012,33.2733,-147.6100,,,
24/08/2012,34.3983,-146.6683,,,
24/08/2012,34.7650,-146.3617,,,
25/08/2012,35.2250,-144.7883,,,
25/08/2012,35.3033,-144.2033,,,
26/08/2012,35.6000,-142.1350,,,
26/08/2012,35.4817,-141.5217,,,
27/08/2012,35.4183,-139.3850,,,
27/08/2012,35.4600,-138.7833,,,
8/8/2012,30.2500,-156.6000,,,
8/8/2012,30.5063,-156.3167,,,
9/8/2012,32.0333,-154.3833,,,
10/8/2012,33.0500,-151.5667,,,
11/8/2012,34.2513,-149.0040,,,
12/8/2012,35.6333,-146.8333,,,
13/08/2012,36.7833,-144.8167,,,
14/08/2012,38.5667,-142.1833,,,
2/8/2012,21.9037,-157.7995,,,
6/8/2012,24.9106,-157.4276,,,
6/8/2012,24.0219,-157.6883,,,
7/8/2012,27.7333,-157.1167,,,
7/8/2012,26.8867,-157.1617,,,
8/8/2012,30.4000,-157.0833,,,
9/8/2012,29.6667,-157.1333,,,
9/8/2012,32.5083,-156.4917,,,
9/8/2012,31.8833,-156.7667,,,
10/8/2012,33.7975,-155.5469,,,
10/8/2012,34.3120,-155.3343,,,
11/8/2012,35.6339,-154.1437,,,
12/8/2012,36.1852,-153.2645,,,
12/8/2012,37.6891,-150.3047,,,
12/8/2012,37.1840,-151.1729,,,
13/08/2012,39.7213,-147.5733,,,
13/08/2012,39.1560,-148.2517,,,
14/08/2012,41.2205,-146.6097,,,
15/08/2012,41.6703,-146.3295,,,
27/05/2013,5.6200,83.0030,,,
27/05/2013,5.6610,83.3180,,,
28/05/2013,5.8980,85.0370,,,
29/05/2013,6.1880,87.2700,,,
29/05/2013,6.1700,87.0140,,,
28/05/2013,5.9500,85.5330,,,
28/05/2013,5.9220,85.2580,,,
30/05/2013,6.4480,89.0910,,,
29/05/2013,6.1980,87.3650,,,
1/6/2013,6.4900,92.0540,,,
31/05/2013,6.6130,90.7680,,,
31/05/2013,6.6300,90.5960,,,
1/6/2013,6.5060,92.3510,,,
1/6/2013,6.4970,92.2750,,,
2/6/2013,6.6580,93.9640,,,
2/6/2013,6.6280,93.8570,,,
20/11/2012,-32.8627,-72.7220,,,
20/11/2012,-32.8038,-73.7013,,,
21/11/2012,-32.4972,-77.4481,,,
21/11/2012,-32.3752,-78.5765,,,
21/11/2012,-32.2974,-79.2926,,,
22/11/2012,-31.9064,-82.8880,,,
22/11/2012,-31.7669,-84.1668,,,
22/11/2012,-31.6404,-85.3259,,,
23/11/2012,-31.1997,-88.6466,,,
23/11/2012,-31.0447,-89.5242,,,
23/11/2012,-30.8015,-90.8980,,,
24/11/2012,-30.0226,-94.4413,,,
24/11/2012,-29.7475,-95.5771,,,
24/11/2012,-29.4875,-96.5755,,,
25/11/2012,-28.5743,-99.8404,,,
25/11/2012,-28.1803,-101.0936,,,
25/11/2012,-27.8516,-102.1355,,,
29/11/2012,-26.4840,-105.4256,,,
29/11/2012,-26.6293,-106.5247,,,
4/12/2012,-27.4284,-108.8627,,,
4/12/2012,-27.6904,-107.9983,,,
5/12/2012,-28.7147,-104.5978,,,
5/12/2012,-29.0015,-103.5481,,,
5/12/2012,-29.1871,-102.8011,,,
6/12/2012,-30.0421,-99.3412,,,
6/12/2012,-30.3117,-98.1671,,,
6/12/2012,-30.4833,-97.2965,,,
7/12/2012,-31.0871,-94.2208,,,
7/12/2012,-31.3323,-92.9653,,,
7/12/2012,-31.4549,-92.1651,,,
8/12/2012,-32.0000,-88.4874,,,
8/12/2012,-32.1755,-87.2985,,,
8/12/2012,-32.2768,-86.3968,,,
9/12/2012,-32.6918,-82.3284,,,
9/12/2012,-32.8067,-81.1763,,,
9/12/2012,-32.8447,-80.2808,,,
10/12/2012,-32.9806,-77.0656,,,
10/12/2012,-33.0350,-75.7826,,,
11/12/2012,-33.0137,-72.0418,,,
14/06/2013,36.0533,-33.9307,"10,629.07","11,337.67","6,731.74"
15/06/2013,35.2107,-33.9168,708.60,"3,897.33",354.30
16/06/2013,34.4452,-34.4855,"16,297.91","34,013.02","11,691.98"
17/06/2013,33.7943,-35.1402,"3,543.02","70,860.46","5,314.53"
17/06/2013,33.4238,-35.0883,0.00,"29,407.09","3,897.33"
18/06/2013,32.6252,-36.4067,"9,920.46","12,400.58","1,062.91"
18/06/2013,31.8113,-36.8788,"9,566.16","3,897.33","4,960.23"
19/06/2013,30.9254,-37.0622,"1,771.51","17,360.81","4,251.63"
19/06/2013,30.0679,-37.1043,"6,377.44","6,377.44","2,480.12"
20/06/2013,29.1440,-37.2309,"2,834.42","20,549.53","4,960.23"
21/06/2013,28.3091,-37.4031,"6,023.14","6,023.14","2,834.42"
21/06/2013,27.4098,-37.3969,354.30,"9,920.46","2,834.42"
22/06/2013,26.5065,-37.3597,0.00,"8,503.26",708.60
23/06/2013,25.5796,-37.2534,"1,062.91","6,377.44","2,125.81"
24/06/2013,26.3333,-37.7217,"4,605.93","23,738.25","6,023.14"
24/06/2013,27.1974,-38.1324,"72,986.27","89,638.48","8,857.55"
25/06/2013,28.1603,-38.5180,"41,807.67","38,973.25","13,817.79"
26/06/2013,28.9639,-38.8362,"26,926.97","48,185.11","3,188.70"
26/06/2013,29.8048,-39.3083,"75,112.09","64,128.72","10,274.77"
27/06/2013,30.6054,-39.6499,"6,731.74","9,566.16","2,125.81"
27/06/2013,31.3922,-40.0811,"51,728.14","30,824.30","8,857.55"
28/06/2013,32.1936,-40.6542,"43,224.88","22,675.35","5,314.53"
28/06/2013,33.0022,-41.2924,"99,204.64","110,188.01","35,075.92"
29/06/2013,32.1950,-41.6066,"60,585.69","64,837.32","13,817.78"
30/06/2013,31.3751,-41.7579,"40,744.76","48,893.72","4,605.92"
30/06/2013,30.5189,-42.0936,"50,310.92","15,589.30","50,310.92"
1/7/2013,29.6950,-42.4807,"18,423.72","20,903.84",22.67
1/7/2013,28.8490,-42.5947,"12,046.27","15,234.99","4,605.92"
2/7/2013,28.0164,-42.8324,"20,903.84","37,910.35","6,023.14"
3/7/2013,27.1221,-42.9629,"8,857.55","17,715.11","7,440.35"
3/7/2013,26.2599,-43.1399,"14,172.09","43,224.88","5,314.53"
4/7/2013,26.8508,-43.7730,"2,125.81","17,006.51","2,480.11"
4/7/2013,27.5769,-44.3386,"71,569.06","50,310.92","28,344.18"
5/7/2013,28.3300,-44.9782,"92,118.59","424,454.15","36,493.13"
6/7/2013,29.0401,-45.4840,"91,055.69","59,168.48","10,983.37"
6/7/2013,29.7322,-46.0428,"46,059.29","18,778.02","4,605.92"
7/7/2013,30.5454,-46.6554,"36,847.44","98,850.34","19,132.32"
7/7/2013,31.2709,-47.1780,"169,710.80","74,049.18","18,778.02"
8/7/2013,32.0609,-47.6879,"32,595.81","38,973.25","7,440.34"
9/7/2013,33.1602,-48.2675,,,
10/6/2011,-39.3127,163.5895,0.00,0.00,653.60
10/6/2011,-39.3162,163.5735,0.00,691.85,0.00
10/6/2011,-39.3195,163.5565,0.00,0.00,566.87
11/6/2011,-39.9554,160.4171,0.00,950.50,0.00
11/6/2011,-40.0490,160.0994,0.00,"2,198.21",0.00
11/6/2011,-40.0599,160.1041,0.00,811.49,405.75
12/6/2011,-40.6377,155.8846,0.00,"1,424.67",0.00
12/6/2011,-40.6433,155.8671,0.00,"3,254.64",0.00
12/6/2011,-40.6229,155.9181,0.00,0.00,0.00
13/06/2011,-41.1361,152.2775,0.00,786.09,0.00
13/06/2011,-41.1398,152.2646,0.00,0.00,0.00
13/06/2011,-41.1421,152.2508,905.08,905.08,0.00
12/8/2011,-43.5753,145.7961,0.00,"22,973.76","9,189.51"
12/8/2011,-43.5700,145.7886,0.00,"17,075.02","12,521.68"
12/8/2011,-43.5637,145.7829,0.00,"6,804.03","2,268.01"
13/08/2011,-41.9208,144.5409,0.00,"21,546.09","2,693.26"
13/08/2011,-41.9183,144.5390,0.00,"3,039.49","3,039.49"
13/08/2011,-41.9157,144.5373,0.00,0.00,0.00
14/08/2011,-39.0405,142.4134,0.00,"1,776.62","1,776.62"
14/08/2011,-39.0374,142.4005,0.00,"1,605.87","1,605.87"
14/08/2011,-39.0338,142.3859,0.00,"1,238.32","1,238.32"
15/08/2011,-37.8855,139.8236,0.00,932.36,0.00
15/08/2011,-37.8764,139.8181,0.00,837.63,"1,675.27"
15/08/2011,-37.8677,139.8136,0.00,"7,789.07","5,841.80"
16/08/2011,-36.0524,135.6864,0.00,"1,044.39","3,133.18"
16/08/2011,-36.0455,135.6857,0.00,"3,069.63",0.00
16/08/2011,-36.0362,135.6764,0.00,0.00,0.00
17/08/2011,-35.4797,132.1763,0.00,777.52,"1,555.05"
17/08/2011,-35.4777,132.1626,0.00,0.00,0.00
17/08/2011,-35.4756,132.1486,0.00,0.00,"1,380.26"
18/08/2011,-35.0721,127.2582,0.00,0.00,0.00
18/08/2011,-35.0723,127.2351,0.00,0.00,0.00
18/08/2011,-35.0729,127.2253,0.00,0.00,0.00
19/08/2011,-34.6047,121.8150,0.00,0.00,0.00
19/08/2011,-34.6069,121.8093,0.00,0.00,"1,604.59"
19/08/2011,-34.6099,121.7970,0.00,0.00,"1,098.42"
20/08/2011,-35.3157,118.6200,0.00,0.00,"1,541.77"
20/08/2011,-35.3172,118.6137,0.00,0.00,0.00
20/08/2011,-35.3183,118.6074,0.00,0.00,"2,852.58"
22/08/2011,-33.1157,114.4810,0.00,889.38,0.00
22/08/2011,-33.1200,114.4594,0.00,0.00,0.00
22/08/2011,-33.1238,114.4373,0.00,0.00,458.37
11/4/2012,-41.8951,148.4559,0.00,708.24,0.00
11/4/2012,-41.8806,148.4923,0.00,"2,049.64",683.21
11/4/2012,-41.8728,148.5091,0.00,"1,570.48",785.24
12/4/2012,-39.6546,148.8843,0.00,0.00,0.00
12/4/2012,-39.6467,148.8677,0.00,0.00,0.00
12/4/2012,-39.6342,148.8566,0.00,0.00,0.00
13/04/2012,-37.6376,150.3985,0.00,"3,184.84",636.97
13/04/2012,-37.6223,150.4009,0.00,"2,649.17",662.29
13/04/2012,-37.6080,150.4028,0.00,709.78,"2,129.33"
13/04/2012,-35.4004,150.8417,0.00,"5,976.81","2,390.72"
13/04/2012,-35.3924,150.8461,0.00,"17,189.68","1,145.98"
13/04/2012,-35.3842,150.8507,0.00,"4,208.68","2,104.34"
14/04/2012,-33.8782,152.0069,0.00,"1,934.83",967.42
14/04/2012,-33.8716,152.0142,0.00,"6,139.56","1,227.91"
14/04/2012,-33.8659,152.0208,0.00,"3,858.64",0.00
15/04/2012,-33.1692,152.6955,0.00,"4,775.65","1,193.91"
15/04/2012,-33.1646,152.7014,"1,738.17","17,381.70",0.00
15/04/2012,-33.1609,152.7061,"3,713.83","27,853.71","1,856.91"
15/04/2012,-31.0332,153.3714,0.00,976.80,976.80
15/04/2012,-31.0353,153.3628,0.00,"1,911.32","1,911.32"
15/04/2012,-31.0353,153.3573,0.00,"4,401.38",0.00
16/04/2012,-28.3415,153.9219,0.00,"9,991.34",0.00
16/04/2012,-28.3396,153.9234,0.00,"21,041.02",0.00
16/04/2012,-28.3363,153.9244,0.00,"29,908.75","2,718.98"
17/04/2012,-26.7254,153.3785,0.00,"7,065.71",0.00
17/04/2012,-26.7152,153.3799,865.62,"3,462.48",0.00
17/04/2012,-26.7040,153.3803,0.00,"6,168.35",0.00
4/5/2012,-24.9128,155.2055,0.00,743.05,0.00
4/5/2012,-24.9225,155.1969,0.00,0.00,0.00
4/5/2012,-24.9395,155.1771,0.00,0.00,0.00
6/5/2012,-23.8691,162.3485,0.00,"4,862.96",972.59
6/5/2012,-23.8667,162.3655,0.00,"6,998.85",699.88
6/5/2012,-23.8643,162.3813,629.74,"8,186.56","1,259.47"
7/5/2012,-23.2120,166.6269,0.00,615.95,0.00
7/5/2012,-23.2089,166.6428,0.00,0.00,0.00
7/5/2012,-23.2058,166.6593,0.00,0.00,0.00
8/5/2012,-21.7654,170.6294,0.00,624.34,624.34
8/5/2012,-21.7565,170.6449,551.22,"5,512.17","2,756.09"
8/5/2012,-21.7469,170.6615,0.00,"1,667.23","4,445.96"
7/6/2012,-18.5685,176.5024,828.74,"31,492.07","16,574.77"
7/6/2012,-18.5777,176.4901,0.00,"5,501.14","2,357.63"
7/6/2012,-18.5851,176.4799,0.00,"2,504.46",834.82
7/6/2012,-19.9823,174.9867,0.00,"7,422.71","2,226.81"
7/6/2012,-19.9931,174.9779,0.00,"6,768.23",752.03
7/6/2012,-20.0037,174.9692,0.00,"3,789.59",0.00
8/6/2012,-21.2832,173.5759,0.00,946.73,0.00
8/6/2012,-21.2887,173.5634,0.00,802.09,0.00
8/6/2012,-21.2977,173.5556,0.00,"1,311.36",0.00
8/6/2012,-22.5974,172.1044,0.00,"1,287.82","1,287.82"
8/6/2012,-22.6026,172.0898,0.00,729.39,"2,188.17"
8/6/2012,-22.6078,172.0762,0.00,"2,805.71",701.43
9/6/2012,-23.7533,170.5329,0.00,0.00,0.00
9/6/2012,-23.7615,170.5216,0.00,0.00,0.00
9/6/2012,-23.7698,170.5103,0.00,0.00,0.00
9/6/2012,-25.0757,168.7064,0.00,706.36,"1,412.72"
9/6/2012,-25.0842,168.6944,0.00,0.00,0.00
9/6/2012,-25.0929,168.6825,0.00,0.00,0.00
10/6/2012,-26.2890,167.0086,0.00,711.53,711.53
10/6/2012,-26.2961,166.9962,0.00,0.00,764.53
10/6/2012,-26.3028,166.9834,0.00,729.64,0.00
10/6/2012,-27.5323,165.1923,0.00,711.66,0.00
10/6/2012,-27.5442,165.1843,0.00,703.91,"1,407.82"
10/6/2012,-27.5561,165.1763,0.00,0.00,697.16
15/06/2012,-35.6490,155.0695,0.00,652.38,0.00
15/06/2012,-35.6615,155.0586,0.00,0.00,0.00
15/06/2012,-35.6732,155.0482,0.00,0.00,0.00
15/06/2012,-37.3779,153.5364,0.00,"3,595.34",0.00
15/06/2012,-37.3894,153.5260,688.91,"6,889.05","2,066.72"
15/06/2012,-37.4107,153.5144,927.72,"6,494.05",927.72
16/06/2012,-42.2860,148.9709,0.00,"4,592.44",918.49
16/06/2012,-42.2972,148.9603,0.00,922.26,922.26
16/06/2012,-42.3087,148.9488,0.00,0.00,0.00
17/06/2012,-42.8277,148.4480,0.00,825.84,825.84
17/06/2012,-42.8371,148.4349,0.00,"1,525.02","1,525.02"
17/06/2012,-42.8448,148.4211,0.00,"2,289.16",0.00
26/07/2012,-16.5692,145.7482,0.00,"2,056.70",0.00
26/07/2012,-16.5523,145.7586,"1,240.89","2,895.40",413.63
26/07/2012,-16.5347,145.7419,0.00,"3,921.57",0.00
27/07/2012,-15.0181,145.3881,0.00,"2,304.10",0.00
27/07/2012,-14.9985,145.3829,0.00,"3,879.10","1,293.03"
27/07/2012,-14.9792,145.3785,0.00,"12,070.31","1,448.44"
27/07/2012,-13.6473,144.0824,0.00,"2,398.55",0.00
27/07/2012,-13.6320,144.0713,0.00,478.31,478.31
27/07/2012,-13.6168,144.0593,0.00,"1,831.89",0.00
28/07/2012,-12.0222,143.2742,559.89,"7,278.56","1,119.78"
28/07/2012,-12.0031,143.2817,0.00,"2,870.35",717.59
28/07/2012,-11.9875,143.2887,940.08,"5,640.48",0.00
28/07/2012,-10.7537,142.3313,0.00,"3,500.37",437.55
28/07/2012,-10.7735,142.3012,446.47,0.00,0.00
28/07/2012,-10.7849,142.2847,0.00,921.75,460.87
29/07/2012,-12.2716,141.6273,0.00,"1,398.36","1,398.36"
29/07/2012,-12.2862,141.6233,0.00,520.09,"1,040.17"
29/07/2012,-12.3042,141.6185,0.00,0.00,451.03
30/07/2012,-15.4937,141.0434,0.00,0.00,0.00
30/07/2012,-15.5085,141.0408,0.00,596.86,0.00
30/07/2012,-15.5245,141.0381,0.00,0.00,0.00
30/07/2012,-17.0539,140.7762,0.00,0.00,0.00
30/07/2012,-17.0659,140.7736,0.00,0.00,0.00
30/07/2012,-17.0782,140.7713,0.00,0.00,0.00
17/08/2012,-18.6526,119.4890,0.00,"1,373.47","1,373.47"
17/08/2012,-18.6584,119.4751,0.00,557.06,557.06
17/08/2012,-18.6598,119.4604,0.00,0.00,0.00
17/08/2012,-18.8643,118.6698,0.00,0.00,"2,488.26"
17/08/2012,-18.8687,118.6520,0.00,555.28,555.28
17/08/2012,-18.8747,118.6334,0.00,0.00,534.66
17/08/2012,-18.9851,118.2031,0.00,"2,747.18","1,648.31"
17/08/2012,-18.9900,118.1841,568.01,0.00,"1,136.03"
17/08/2012,-18.9954,118.1656,0.00,571.98,571.98
17/08/2012,-19.1099,117.7180,0.00,0.00,0.00
17/08/2012,-19.1137,117.6992,0.00,612.50,0.00
17/08/2012,-19.1174,117.6814,0.00,"1,854.75",0.00
17/08/2012,-19.4300,115.9255,0.00,"3,401.79",0.00
17/08/2012,-19.4288,115.9437,0.00,599.91,0.00
17/08/2012,-19.4277,115.9610,0.00,"3,373.57",674.71
19/08/2012,-20.0612,116.3759,553.48,"4,427.87","2,767.42"
19/08/2012,-20.0659,116.3518,0.00,"4,154.24","3,115.68"
19/08/2012,-20.0718,116.3370,"2,885.34","31,161.69","5,193.62"
19/08/2012,-20.3179,115.6619,0.00,"2,598.63",649.66
19/08/2012,-20.3236,115.6446,0.00,0.00,"1,244.97"
19/08/2012,-20.3294,115.6287,0.00,0.00,654.31
22/08/2012,-19.7933,115.9820,0.00,0.00,"1,241.92"
22/08/2012,-19.8018,115.9652,0.00,532.35,"1,597.06"
22/08/2012,-19.8139,115.9477,0.00,0.00,496.65
22/08/2012,-20.3848,115.1297,0.00,0.00,0.00
22/08/2012,-20.3983,115.1164,0.00,0.00,0.00
22/08/2012,-20.4033,115.1027,0.00,"1,294.44",0.00
25/08/2012,-21.8401,113.9183,0.00,"8,113.14","4,732.67"
25/08/2012,-21.8302,113.9318,0.00,"1,288.65",644.33
25/08/2012,-21.8190,113.9455,0.00,"3,463.93",0.00
2/9/2013,-21.2024,115.4726,0.00,0.00,587.30
2/9/2013,-21.1987,115.4921,556.04,556.04,0.00
2/9/2013,-21.1906,115.5098,0.00,556.84,0.00
3/9/2013,-19.9658,117.0945,623.33,623.33,0.00
3/9/2013,-19.9509,117.1017,0.00,0.00,0.00
3/9/2013,-19.9363,117.1094,0.00,626.67,"1,880.02"
3/9/2013,-18.7301,118.7413,562.58,"2,812.92",562.58
3/9/2013,-18.7177,118.7536,0.00,"2,485.01","2,485.01"
3/9/2013,-18.7053,118.7648,0.00,"1,263.41","3,158.53"
4/9/2013,-17.6630,120.1319,"33,316.95","147,546.50","39,436.39"
4/9/2013,-17.6541,120.1444,"4,178.74","47,359.03","5,571.65"
4/9/2013,-17.6461,120.1562,0.00,"6,305.09","1,261.02"
5/9/2013,-15.2109,123.3237,0.00,771.55,"1,543.11"
5/9/2013,-15.2024,123.3331,0.00,768.01,0.00
5/9/2013,-15.1943,123.3441,0.00,0.00,0.00
5/9/2013,-14.2914,124.7811,0.00,0.00,0.00
5/9/2013,-14.2834,124.7901,0.00,735.72,0.00
5/9/2013,-14.2750,124.8004,0.00,0.00,783.97
7/9/2013,-13.7461,127.5980,"1,241.15",620.58,620.58
7/9/2013,-13.7412,127.6131,0.00,0.00,0.00
7/9/2013,-13.7361,127.6277,0.00,0.00,0.00
7/9/2013,-12.8234,129.3859,0.00,0.00,0.00
7/9/2013,-12.8191,129.4002,0.00,0.00,0.00
7/9/2013,-12.8145,129.4155,0.00,0.00,0.00
8/9/2013,-12.4140,130.1598,0.00,0.00,0.00
8/9/2013,-12.4086,130.1689,0.00,0.00,0.00
8/9/2013,-12.4039,130.1783,0.00,0.00,0.00
8/6/2011,-34.4496,172.5043,,,
8/6/2011,-34.6558,173.9083,,,
8/6/2011,-34.8568,171.9522,,,
9/6/2011,-37.3198,168.4993,,,
9/6/2011,-37.5657,168.1478,,,
10/6/2011,-38.9872,165.4990,,,
10/6/2011,-39.0537,165.0963,,,
12/6/2011,-40.3355,157.5950,,,
12/6/2011,-40.4730,156.6113,,,
14/6/2011,-42.2173,150.2536,,,
13/8/2011,-43.2618,145.2735,,,
13/8/2011,-42.9225,144.9950,,,
14/8/2011,-40.2843,143.3303,,,
14/8/2011,-39.6825,143.0513,,,
16/8/2011,-36.1124,136.3708,,,
18/8/2011,-35.2483,129.6340,,,
18/8/2011,-35.1658,128.7305,,,
19/8/2011,-34.8472,124.5750,,,
20/8/2011,-34.8935,120.5352,,,
20/8/2011,-35.0805,119.6786,,,
21/8/2011,-35.4067,116.3392,,,
12/4/2012,-41.1126,148.8108,,,
13/4/2012,-38.3263,149.7718,,,
7/6/2012,-17.6009,177.4351,,,
7/6/2012,-17.9528,177.1627,,,
7/6/2012,-18.2483,176.8459,,,
8/6/2012,-20.6834,174.2265,,,
9/6/2012,-23.2345,171.2442,,,
9/6/2012,-23.5707,170.7835,,,
15/6/12,-36.4095,154.3994,,,
17/6/12,-42.7485,148.5285,,,
2/9/2013,-21.1825,115.5248,,,
3/9/2013,-19.9238,117.1168,,,
20/05/2008,42.9905,6.4062,,,
20/05/2008,42.9885,6.4672,,,
20/05/2008,42.9862,6.4991,,,
20/05/2008,42.9768,6.5611,,,
20/05/2008,42.9666,6.6219,,,
20/05/2008,43.1411,6.9730,,,
20/05/2008,43.1783,7.0104,,,
20/05/2008,43.2166,7.0478,,,
20/05/2008,43.2553,7.0859,,,
20/05/2008,43.2941,7.1243,,,
20/05/2008,43.3317,7.1611,,,
20/05/2008,43.3690,7.1959,,,
20/05/2008,43.3928,7.1651,,,
20/05/2008,43.4076,7.0842,,,
20/05/2008,43.4216,7.0155,,,
21/05/2008,43.3823,6.9233,,,
21/05/2008,43.3787,6.9794,,,
21/05/2008,43.3758,7.0368,,,
21/05/2008,43.3738,7.0925,,,
21/05/2008,43.3722,7.1514,,,
21/05/2008,43.3700,7.2031,,,
21/05/2008,43.3742,7.2676,,,
21/05/2008,43.3768,7.3375,,,
21/05/2008,43.3649,7.3069,,,
21/05/2008,43.3479,7.2387,,,
21/05/2008,43.3303,7.1696,,,
21/05/2008,43.3137,7.1019,,,
21/05/2008,43.2682,6.8859,,,
21/05/2008,43.3027,6.9248,,,
21/05/2008,43.3138,6.9668,,,
21/05/2008,43.3481,6.9982,,,
21/05/2008,43.3839,7.0298,,,
22/05/2008,43.6879,7.4692,,,
22/05/2008,43.6478,7.4976,,,
22/05/2008,43.5176,7.5261,,,
22/05/2008,43.5040,7.4613,,,
23/05/2008,43.4819,7.0825,,,
23/05/2008,43.4610,7.1332,,,
23/05/2008,43.4386,7.1908,,,
23/05/2008,43.4162,7.2492,,,
23/05/2008,43.3958,7.3050,,,
23/05/2008,43.3766,7.3600,,,
23/05/2008,43.3579,7.4172,,,
23/05/2008,43.3265,7.4256,,,
23/05/2008,43.3050,7.3760,,,
23/05/2008,43.2652,7.3481,,,
23/05/2008,43.2194,7.3680,,,
23/05/2008,43.1742,7.3873,,,
23/05/2008,43.1289,7.4073,,,
23/05/2008,43.0842,7.4281,,,
23/05/2008,43.0392,7.4493,,,
23/05/2008,42.9986,7.4472,,,
23/05/2008,42.9712,7.3914,,,
23/05/2008,42.8987,7.2270,,,
23/05/2008,42.9062,7.1523,,,
23/05/2008,42.9132,7.0773,,,
23/05/2008,42.9216,6.9997,,,
23/05/2008,42.9304,6.9225,,,
23/05/2008,42.9398,6.8491,,,
23/05/2008,42.9471,6.7724,,,
23/05/2008,42.9540,6.6971,,,
23/05/2008,42.9649,6.6231,,,
30/05/2008,42.9631,6.2806,,,
30/05/2008,42.9187,6.2976,,,
30/05/2008,42.8727,6.3134,,,
30/05/2008,42.8299,6.3317,,,
30/05/2008,42.7873,6.3521,,,
30/05/2008,42.7537,6.3406,,,
30/05/2008,42.7113,6.3663,,,
30/05/2008,42.7248,6.3048,,,
30/05/2008,42.7204,6.2448,,,
30/05/2008,42.7137,6.1843,,,
30/05/2008,42.7053,6.1234,,,
30/05/2008,42.7066,6.0727,,,
30/05/2008,42.7067,6.0662,,,
30/05/2008,42.7324,6.0058,,,
30/05/2008,42.7582,5.9445,,,
30/05/2008,42.8051,5.7427,,,
30/05/2008,42.7922,5.6725,,,
30/05/2008,42.7786,5.6068,,,
30/05/2008,42.7651,5.5430,,,
31/05/2008,42.8378,5.4744,,,
31/05/2008,42.8405,5.4115,,,
31/05/2008,42.8450,5.3446,,,
31/05/2008,42.8498,5.2777,,,
31/05/2008,42.8404,5.2511,,,
31/05/2008,42.8137,5.2937,,,
2/6/2008,42.7216,6.6075,,,
2/6/2008,42.6823,6.6507,,,
2/6/2008,42.6429,6.6922,,,
2/6/2008,42.6037,6.7353,,,
2/6/2008,42.5619,6.7852,,,
2/6/2008,42.5213,6.8333,,,
2/6/2008,42.4799,6.8805,,,
2/6/2008,42.4273,6.8634,,,
2/6/2008,42.3966,6.9111,,,
2/6/2008,42.3662,6.9605,,,
2/6/2008,42.3355,7.0105,,,
2/6/2008,42.3554,7.0568,,,
2/6/2008,42.4042,7.0723,,,
2/6/2008,42.4532,7.0880,,,
2/6/2008,42.4583,7.0912,,,
2/6/2008,42.5102,7.1122,,,
2/6/2008,42.5630,7.1300,,,
3/6/2008,43.3130,7.4368,,,
3/6/2008,43.3350,7.4295,,,
3/6/2008,43.3250,7.4076,,,
3/6/2008,43.3158,7.3877,,,
3/6/2008,43.3184,7.3693,,,
3/6/2008,43.3303,7.3485,,,
3/6/2008,43.3570,7.3208,,,
3/6/2008,43.3905,7.3559,,,
3/6/2008,43.4246,7.3911,,,
3/6/2008,43.4596,7.4270,,,
3/6/2008,43.4948,7.4633,,,
3/6/2008,43.5311,7.5041,,,
3/6/2008,43.5649,7.5454,,,
3/6/2008,43.5359,7.5852,,,
3/6/2008,43.5018,7.6253,,,
3/6/2008,43.4995,7.6280,,,
3/6/2008,43.4688,7.6655,,,
3/6/2008,43.4375,7.7083,,,
3/6/2008,43.4065,7.7559,,,
3/6/2008,43.3838,7.7373,,,
4/6/2008,43.4894,7.2869,,,
4/6/2008,43.4582,7.3320,,,
4/6/2008,43.2891,7.8605,,,
4/6/2008,43.3358,7.8405,,,
4/6/2008,43.3525,7.7999,,,
4/6/2008,43.3547,7.7943,,,
4/6/2008,43.3685,7.7312,,,
4/6/2008,43.3823,7.6682,,,
4/6/2008,43.3952,7.6086,,,
5/6/2008,43.2185,7.1313,,,
5/6/2008,43.1615,7.1207,,,
5/6/2008,43.1060,7.0028,,,
5/6/2008,43.0875,6.9366,,,
5/6/2008,43.0845,6.8889,,,
5/6/2008,43.1203,6.8908,,,
18/08/2008,42.9556,6.3888,,,
18/08/2008,42.9199,6.4251,,,
18/08/2008,42.8840,6.4619,,,
18/08/2008,42.8500,6.4991,,,
18/08/2008,42.8152,6.5385,,,
18/08/2008,42.7762,6.5795,,,
18/08/2008,42.7375,6.6205,,,
18/08/2008,42.7221,6.6282,,,
18/08/2008,42.6849,6.6700,,,
18/08/2008,42.6479,6.7141,,,
18/08/2008,42.6082,6.7565,,,
18/08/2008,42.5664,6.8016,,,
18/08/2008,42.5223,6.8477,,,
18/08/2008,42.4768,6.8925,,,
18/08/2008,42.4308,6.9368,,,
18/08/2008,42.3846,6.9800,,,
19/08/2008,42.2182,7.1246,,,
19/08/2008,42.2524,7.1444,,,
19/08/2008,42.2818,7.1869,,,
19/08/2008,42.3017,7.2346,,,
19/08/2008,42.3368,7.2854,,,
19/08/2008,42.3713,7.3383,,,
19/08/2008,42.4049,7.3917,,,
19/08/2008,42.4230,7.4204,,,
19/08/2008,42.4691,7.4467,,,
19/08/2008,42.5158,7.4660,,,
19/08/2008,42.5602,7.4814,,,
19/08/2008,42.6030,7.4931,,,
19/08/2008,42.6372,7.4498,,,
19/08/2008,42.6429,7.4316,,,
19/08/2008,42.6754,7.3863,,,
19/08/2008,42.7086,7.3392,,,
19/08/2008,42.7436,7.2917,,,
19/08/2008,42.7804,7.2410,,,
19/08/2008,42.8148,7.1937,,,
19/08/2008,42.8466,7.1547,,,
19/08/2008,42.9077,7.0176,,,
19/08/2008,42.9394,6.9721,,,
19/08/2008,42.9659,6.9785,,,
21/08/2008,43.4802,7.1488,,,
21/08/2008,43.4523,7.2010,,,
21/08/2008,43.4250,7.2542,,,
21/08/2008,43.3988,7.3549,,,
21/08/2008,43.3796,7.3657,,,
21/08/2008,43.3420,7.3973,,,
21/08/2008,43.3264,7.4084,,,
21/08/2008,43.2918,7.4489,,,
21/08/2008,43.2647,7.4782,,,
21/08/2008,43.2597,7.4842,,,
21/08/2008,43.2389,7.4307,,,
21/08/2008,43.2261,7.3283,,,
21/08/2008,43.2181,7.2641,,,
21/08/2008,43.1794,7.2457,,,
21/08/2008,43.1582,7.2406,,,
21/08/2008,43.1341,7.2481,,,
21/08/2008,43.1316,7.2457,,,
21/08/2008,43.1306,7.2280,,,
21/08/2008,43.1002,7.0739,,,
21/08/2008,43.0876,7.0165,,,
22/08/2008,43.0004,6.9689,,,
22/08/2008,42.9756,6.9302,,,
22/08/2008,42.8281,6.6671,,,
14/10/2008,42.9601,6.3840,,,
14/10/2008,42.9208,6.4243,,,
14/10/2008,42.8821,6.4677,,,
14/10/2008,42.8435,6.5119,,,
14/10/2008,42.8040,6.5548,,,
14/10/2008,42.7842,6.5759,,,
14/10/2008,42.7429,6.6197,,,
14/10/2008,42.6993,6.6661,,,
14/10/2008,42.6552,6.7107,,,
14/10/2008,42.6148,6.7523,,,
14/10/2008,42.5744,6.7945,,,
14/10/2008,42.5339,6.8350,,,
14/10/2008,42.4471,7.2364,,,
14/10/2008,42.4875,7.2792,,,
15/10/2008,42.7759,7.1595,,,
15/10/2008,42.8276,7.1543,,,
15/10/2008,42.8792,7.1483,,,
15/10/2008,42.8982,7.1064,,,
15/10/2008,42.9470,7.1078,,,
15/10/2008,42.9961,7.1167,,,
15/10/2008,43.0464,7.1252,,,
15/10/2008,43.0961,7.1340,,,
15/10/2008,43.1315,7.1728,,,
15/10/2008,43.1577,7.2286,,,
15/10/2008,43.1838,7.3055,,,
15/10/2008,43.2133,7.3607,,,
15/10/2008,43.2490,7.4109,,,
15/10/2008,43.2844,7.4614,,,
15/10/2008,43.3148,7.5044,,,
15/10/2008,43.3169,7.5050,,,
15/10/2008,43.3499,7.4565,,,
15/10/2008,43.3845,7.4036,,,
15/10/2008,43.4218,7.3511,,,
15/10/2008,43.4586,7.2983,,,
15/10/2008,43.4971,7.2506,,,
15/10/2008,43.5319,7.2132,,,
9/9/2008,43.2833,7.2148,,,
9/9/2008,43.2625,7.2677,,,
9/9/2008,43.2303,7.3120,,,
9/9/2008,43.2148,7.3189,,,
9/9/2008,43.1707,7.3485,,,
9/9/2008,43.1421,7.3691,,,
9/9/2008,43.0973,7.3991,,,
9/9/2008,43.0498,7.4336,,,
9/9/2008,43.0357,7.4455,,,
9/9/2008,42.9909,7.4775,,,
9/9/2008,42.9433,7.5100,,,
10/9/2008,42.5077,8.5175,,,
10/9/2008,42.5503,8.5381,,,
10/9/2008,42.5954,8.5611,,,
10/9/2008,42.6254,8.5903,,,
10/9/2008,42.6590,8.6220,,,
10/9/2008,42.6875,8.6559,,,
10/9/2008,42.7322,8.6562,,,
10/9/2008,42.7802,8.6577,,,
10/9/2008,43.1057,8.4006,,,
10/9/2008,43.1319,8.3614,,,
11/9/2008,43.1744,8.2867,,,
11/9/2008,43.1455,8.3267,,,
11/9/2008,43.1504,8.3234,,,
11/9/2008,43.1147,8.2830,,,
11/9/2008,43.0845,8.2461,,,
11/9/2008,43.0778,8.2392,,,
11/9/2008,43.0451,8.1972,,,
11/9/2008,43.0126,8.1550,,,
11/9/2008,42.9830,8.1088,,,
11/9/2008,42.9871,8.0514,,,
11/9/2008,42.9916,8.0362,,,
11/9/2008,43.0153,7.9722,,,
11/9/2008,43.0697,7.8547,,,
11/9/2008,43.0937,7.8108,,,
11/9/2008,43.1044,7.7580,,,
11/9/2008,43.1074,7.6936,,,
11/9/2008,43.1117,7.6359,,,
11/9/2008,43.1290,7.6476,,,
11/9/2008,43.1261,7.5947,,,
11/9/2008,43.1243,7.5309,,,
11/9/2008,43.1231,7.4665,,,
16/09/2008,42.8558,6.7800,,,
16/09/2008,42.8816,6.8170,,,
16/09/2008,42.9027,6.8557,,,
16/09/2008,42.9213,6.8990,,,
16/09/2008,42.9387,6.9428,,,
16/09/2008,42.9586,6.9855,,,
16/09/2008,42.9794,7.0302,,,
16/09/2008,42.9917,7.0385,,,
16/09/2008,43.0248,7.0553,,,
16/09/2008,43.0652,7.0794,,,
16/09/2008,43.0987,7.1011,,,
16/09/2008,43.1300,7.0893,,,
16/09/2008,43.1660,7.1225,,,
16/09/2008,43.1929,7.1474,,,
16/09/2008,43.2291,7.1791,,,
17/09/2008,42.8690,6.8281,,,
17/09/2008,42.8592,6.7719,,,
17/09/2008,42.8443,6.7002,,,
17/09/2008,42.8334,6.6472,,,
17/09/2008,42.8295,6.6149,,,
17/09/2008,42.8160,6.5505,,,
17/09/2008,42.8043,6.4864,,,
17/09/2008,42.8052,6.4729,,,
17/09/2008,42.7886,6.4135,,,
17/09/2008,42.7711,6.3518,,,
17/09/2008,42.7224,6.3477,,,
17/09/2008,42.7152,6.2861,,,
17/09/2008,42.7177,6.2346,,,
17/09/2008,42.7135,6.2420,,,
17/09/2008,42.7124,6.2366,,,
17/09/2008,42.6689,6.2099,,,
17/09/2008,42.6242,6.1877,,,
17/09/2008,42.5771,6.1667,,,
17/09/2008,42.5308,6.1469,,,
17/09/2008,42.4889,6.1252,,,
18/09/2008,42.5075,6.0620,,,
18/09/2008,42.5208,6.0127,,,
18/09/2008,42.5344,5.9581,,,
18/09/2008,42.5465,5.9037,,,
18/09/2008,42.5783,5.8943,,,
18/09/2008,42.6222,5.9167,,,
18/09/2008,42.6668,5.9359,,,
18/09/2008,42.7026,5.9638,,,
18/09/2008,42.7909,5.9700,,,
18/09/2008,42.7692,6.0160,,,
18/09/2008,42.7445,6.0658,,,
18/09/2008,42.7228,6.1109,,,
18/09/2008,42.7162,6.1630,,,
18/09/2008,42.7330,6.2193,,,
18/09/2008,42.7502,6.2723,,,
18/09/2008,42.8018,6.2844,,,
18/09/2008,42.7869,6.3252,,,
18/09/2008,42.7834,6.3352,,,
18/09/2008,42.7869,6.3608,,,
18/09/2008,42.7962,6.3984,,,
18/09/2008,42.8002,6.4467,,,
22/09/2008,42.9567,6.3819,,,
22/09/2008,42.9189,6.4214,,,
22/09/2008,42.8812,6.4591,,,
22/09/2008,42.8458,6.4975,,,
22/09/2008,42.8094,6.5434,,,
22/09/2008,42.7707,6.5890,,,
22/09/2008,42.7301,6.6333,,,
22/09/2008,42.6914,6.6768,,,
22/09/2008,42.6435,6.7765,,,
22/09/2008,42.5963,6.8140,,,
22/09/2008,42.3706,7.0491,,,
22/09/2008,42.3308,7.0804,,,
23/09/2008,42.7634,5.9933,,,
23/09/2008,42.7725,5.9231,,,
23/09/2008,42.7810,5.8522,,,
24/09/2008,43.0688,5.6485,,,
24/09/2008,43.0590,5.5825,,,
24/09/2008,43.0480,5.5169,,,
24/09/2008,43.0366,5.4497,,,
24/09/2008,42.8503,5.0289,,,
24/09/2008,42.8129,4.9912,,,
24/09/2008,42.7914,4.9692,,,
24/09/2008,42.7870,4.9657,,,
24/09/2008,42.7650,4.9641,,,
24/09/2008,42.7168,4.9599,,,
24/09/2008,42.6713,4.9571,,,
24/09/2008,42.6302,4.9825,,,
24/09/2008,42.5913,5.0210,,,
24/09/2008,42.5510,5.0521,,,
24/09/2008,42.5108,5.0858,,,
25/09/2008,42.8956,5.7201,,,
25/09/2008,42.8864,5.7795,,,
25/09/2008,42.8828,5.8034,,,
25/09/2008,42.9181,5.8333,,,
25/09/2008,42.9479,5.8634,,,
25/09/2008,42.9530,5.8608,,,
25/09/2008,42.9344,5.8998,,,
25/09/2008,42.9151,5.9431,,,
25/09/2008,42.8977,5.9898,,,
5/9/2013,-33.9137,18.3237,,,103.80
6/9/2013,-34.4994,16.8796,,,0.80
7/9/2013,-34.4998,13.7682,,,0.70
8/9/2013,-34.4998,12.6294,,,2.40
9/9/2013,-34.4999,8.1273,,,1.30
10/9/2013,-34.4999,3.3942,,,6.90
11/9/2013,-34.4999,2.7445,,,0.00
12/9/2013,-34.6460,-0.6988,,,2.90
13/09/2013,-34.7980,-1.4227,,,1.70
14/09/2013,-34.9460,-2.1313,,,1.20
15/09/2013,-35.0553,-2.6553,,,1.20
16/09/2013,-35.9387,-6.9181,,,0.70
17/09/2013,-36.1007,-7.7032,,,0.70
18/09/2013,-36.2609,-8.4854,,,2.00
19/09/2013,-37.4225,-12.4576,,,0.00
20/09/2013,-38.2008,-11.7613,,,0.00
21/09/2013,-37.0440,-12.2405,,,0.80
22/09/2013,-36.7066,-8.4641,,,0.00
23/09/2013,-36.6444,-7.7523,,,0.00
24/09/2013,-36.5823,-7.0399,,,1.90
25/09/2013,-36.5235,-6.3653,,,2.10
26/09/2013,-36.4513,-5.5388,,,0.00
27/09/2013,-36.1431,-2.0179,,,2.30
28/09/2013,-36.0876,-1.3876,,,0.90
29/09/2013,-36.0315,-0.7483,,,1.80
30/09/2013,-35.9556,-0.0578,,,3.90
1/10/2013,-35.8796,0.6236,,,1.60
2/10/2013,-35.2849,5.9134,,,5.10
3/10/2013,-35.1912,6.7437,,,3.20
4/10/2013,-35.1145,7.4225,,,4.90
5/10/2013,-35.0363,8.1136,,,4.60
6/10/2013,-34.9573,8.7961,,,6.00
7/10/2013,-34.4273,13.4742,,,0.00
8/10/2013,-34.3805,14.0599,,,2.60
9/10/2013,-34.3837,14.4911,,,0.00
10/10/2013,-34.3871,14.9601,,,0.70
11/10/2013,-34.3907,15.4412,,,2.60
12/10/2013,-33.8993,18.2893,,,21.20
13/10/2013,-34.0001,15.0857,,,0.00
14/10/2013,-34.6706,14.1648,,,0.00
15/10/2013,-35.1413,13.8047,,,0.00
16/10/2013,-37.6615,11.8954,,,0.00
17/10/2013,-38.5160,11.2285,,,1.30
18/10/2013,-39.1349,10.7470,,,0.00
19/10/2013,-42.4210,8.0943,,,0.00
20/10/2013,-42.9111,7.9240,,,0.00
21/10/2013,-44.7687,6.9207,,,0.00
22/10/2013,-45.2704,6.4296,,,0.00
23/10/2013,-45.7947,5.9112,,,0.00
24/10/2013,-46.0923,5.6149,,,0.00
25/10/2013,-47.8445,3.8884,,,0.00
26/10/2013,-48.2773,3.4266,,,0.00
27/10/2013,-48.6277,3.0318,,,0.00
28/10/2013,-50.1534,1.3989,,,0.00
29/10/2013,-50.6770,0.8333,,,0.00
30/10/2013,-51.1095,0.3423,,,0.00
31/10/2013,-51.3656,0.0216,,,0.00
1/11/2013,-54.0649,0.0003,,,0.00
2/11/2013,-54.8832,0.0032,,,0.00
3/11/2013,-57.7333,0.0024,,,0.00
4/11/2013,-58.7641,0.0015,,,0.00
5/11/2013,-59.4802,0.0118,,,0.00
6/11/2013,-62.0155,0.0050,,,0.00
7/11/2013,-63.1010,0.0002,,,0.00
27/05/2013,5.6347,83.1362,"1,817.53",0.00,0.00
27/05/2013,5.7087,83.7122,"1,924.17",641.39,0.00
28/05/2013,5.8953,85.0038,0.00,656.04,0.00
28/05/2013,5.9693,85.7022,604.01,"1,510.01",0.00
29/05/2013,6.1637,86.9385,240.10,240.10,0.00
29/05/2013,6.2427,87.6247,436.84,218.42,0.00
30/05/2013,6.4225,88.7502,289.07,578.15,0.00
30/05/2013,6.4692,89.3732,555.25,277.63,0.00
31/05/2013,6.6318,90.5578,871.95,290.65,0.00
31/05/2013,6.5213,91.1412,599.53,"3,597.19",0.00
1/6/2013,6.4847,92.2643,"16,339.26","13,530.95",510.60
1/6/2013,6.4857,92.8970,"7,064.18","6,843.42",441.51
2/6/2013,6.5455,93.6810,"5,112.19",340.81,0.00
2/6/2013,6.6995,94.1268,773.41,"1,031.21",0.00
3/6/2013,6.8540,94.8588,"13,494.21","1,840.12",0.00
3/6/2013,6.9277,95.3367,"1,628.84",814.42,0.00
4/6/2013,7.0105,96.2980,"1,044.91","1,253.89",0.00
4/6/2013,7.2808,96.8997,750.68,"2,815.04",0.00
5/24/2012,2.3037,101.8536,,,"2,146.00"
5/24/2012,2.4215,101.6940,,,"4,390.50"
5/24/2012,2.6484,101.3775,,,"2,324.30"
5/24/2012,2.8568,100.9803,,,"1,200.70"
5/24/2012,3.1583,100.6398,,,236.30
5/24/2012,3.4716,100.2591,,,93.30
5/25/2012,5.5069,97.4760,,,108.10
5/25/2012,5.6427,97.0270,,,110.40
5/25/2012,5.7739,96.5858,,,135.40
5/25/2012,5.9026,96.1541,,,78.40
5/25/2012,6.0339,95.7130,,,2.30
5/25/2012,6.1668,95.2768,,,4.90
5/26/2012,6.9782,92.5532,,,4.10
5/26/2012,7.1325,92.0312,,,12.60
5/26/2012,7.2746,91.5464,,,8.40
5/26/2012,7.4112,91.0720,,,3.50
5/28/2012,8.7437,89.2574,,,2.00
5/28/2012,9.1083,89.1532,,,11.90
5/28/2012,9.4996,89.0420,,,5.90
5/28/2012,9.9280,88.9212,,,1.60
5/28/2012,10.3648,88.7960,,,1.70
5/28/2012,10.7990,88.6758,,,0.90
5/29/2012,11.8389,88.5981,,,0.80
5/29/2012,12.2929,88.7153,,,3.20
5/29/2012,12.7541,88.7501,,,1.60
5/30/2012,14.8168,89.0953,,,5.60
5/30/2012,15.2756,89.1725,,,1.70
6/1/2012,17.4716,89.5102,,,17.10
6/1/2012,18.0160,89.5479,,,7.20
6/2/2012,17.9407,89.3400,,,30.00
6/3/2012,18.0300,89.6801,,,20.50
6/3/2012,17.5285,89.6424,,,5.90
6/5/2012,16.0351,87.9590,,,7.00
6/5/2012,16.4799,87.8248,,,4.10
6/7/2012,16.0355,87.8699,,,7.40
6/8/2012,15.8782,88.2682,,,9.60
6/8/2012,15.5013,88.5533,,,1.60
6/8/2012,15.1337,88.8300,,,6.70
6/9/2012,12.6874,88.7831,,,1.30
6/9/2012,12.1400,88.7046,,,1.60
6/10/2012,9.3921,89.0742,,,1.30
6/10/2012,8.8436,89.2881,,,2.10
6/11/2012,8.2875,89.3885,,,0.80
6/11/2012,7.8646,89.5398,,,1.70
6/11/2012,7.4454,89.6913,,,1.70
6/11/2012,7.0296,89.8447,,,5.50
6/11/2012,6.7212,90.0107,,,1.60
6/12/2012,6.8050,91.3838,,,0.80
6/12/2012,6.7124,91.8258,,,0.00
6/12/2012,6.6280,92.2253,,,11.10
6/12/2012,6.5470,92.6240,,,13.90
6/12/2012,6.4610,93.0193,,,24.60
6/12/2012,6.3811,93.4229,,,12.40
6/13/2012,5.7471,96.1514,,,435.40
6/13/2012,5.6364,96.5635,,,61.70
6/13/2012,5.5288,96.9558,,,215.20
6/13/2012,5.4201,97.3536,,,297.90
6/13/2012,5.2349,97.7096,,,280.80
6/13/2012,5.0015,98.0552,,,165.50
6/14/2012,3.2874,100.2856,,,94.50
6/14/2012,3.0186,100.6328,,,11.50
6/14/2012,2.7963,100.9829,,,41.60
6/14/2012,2.5986,101.3538,,,83.90
6/14/2012,2.3564,101.6925,,,328.90